speaker,vowel,F1,F2
mas0M0kui0Tang2,ā,584.8750375238435,1223.1304000750695
mas0M0kui0Tang2,o,422.09835400928137,975.286170645134
mas0M0kui0Tang2,i,306.8654307636511,2313.422415997498
mas0M0kui0Tang2,a,379.4981789498266,1529.2636514856742
mas0M0kui0Tang2,i,306.71003208219526,2267.3198999848505
mas0M0kui0Tang2,a,325.3120209040019,1440.7297728298495
mas0M0kui0Tang2,a,420.3515551593106,1499.9477636805948
mas0M0kui0Tang2,i,310.1882417495225,2041.8337327465485
mas0M0kui0Tang2,i,330.9616281795348,2253.52365921082
mas0M0kui0Tang2,a,578.9849956371492,1262.0470775914257
mas0M0kui0Tang2,a,433.8559632013833,1496.994496987576
mas0M0kui0Tang2,a,486.233425309797,1439.9033069588502
mas0M0kui0Tang2,a,543.3445712412289,1343.2436807001322
mas0M0kui0Tang2,i,314.04443429370957,2327.309749417901
mas0M0kui0Tang2,ā,616.4277552948224,1232.3053523486228
mas0M0kui0Tang2,a,521.3731638301488,1494.5258756307692
mas0M0kui0Tang2,u,342.96615814782893,1174.387448444806
mas0M0kui0Tang2,u,404.87112618863705,1160.9911988839854
mas0M0kui0Tang2,a,552.0802493221469,1215.5628198633285
mas0M0kui0Tang2,a,330.51761321042557,1791.622073855621
mas0M0kui0Tang2,o,428.8282700995048,1125.4059679595118
mas0M0kui0Tang2,a,471.1414148183059,1261.1128021026736
mas0M0kui0Tang2,a,521.9187897943858,1303.0406480109355
mas0M0kui0Tang2,a,418.19750895882703,1227.4986247509755
mas0M0kui0Tang2,ā,639.4431116474886,1321.3581304030292
mas0M0kui0Tang2,a,508.42448379836026,1299.7396265573632
mas0M0kui0Tang2,a,625.1368527105701,1286.8441279266544
mas0M0kui0Tang2,ā,638.8844422975994,1182.2456347074865
mas0M0kui0Tang2,o,418.76176276392937,914.6191693915448
mas0M0kui0Tang2,i,341.956882673137,2285.646167125319
mas0M0kui0Tang2,a,377.67738472476026,1452.8644679227307
mas0M0kui0Tang2,i,306.4586838572938,2320.6347863115793
mas0M0kui0Tang2,a,504.577408679616,1622.3222697105527
mas0M0kui0Tang2,i,315.157970958498,2007.7003576819297
mas0M0kui0Tang2,i,337.0657227773496,2257.140712595007
mas0M0kui0Tang2,i,300.14270139313413,2103.6902118244293
mas0M0kui0Tang2,ā,537.858236198733,1267.759848674013
mas0M0kui0Tang2,a,550.4455216560889,1244.615062327369
mas0M0kui0Tang2,a,461.7021022374753,1061.2125699335118
mas0M0kui0Tang2,a,384.3286368631467,1386.6443153281198
mas0M0kui0Tang2,a,570.8594636155502,1422.9552876782832
mas0M0kui0Tang2,a,536.225412259338,1408.117080579016
mas0M0kui0Tang2,a,346.44049360975015,2199.927136051667
mas0M0kui0Tang2,a,566.489114276261,1690.2058119561023
mas0M0kui0Tang2,a,496.5181896751486,1211.4562467345293
mas0M0kui0Tang2,ā,595.9174296605348,1572.204202365587
mas0M0kui0Tang2,a,630.8696910366646,1203.7091259758406
mas0M0kui0Tang2,a,578.3374312980424,1303.6702943903804
mas0M0kui0Tang2,a,433.2062431014283,1450.2455117774755
mas0M0kui0Tang2,a,544.1339328685247,1476.8320119155271
mas0M0kui0Tang2,a,548.2135368954382,1231.887086350897
mas0M0kui0Tang2,ā,519.8876686408217,1737.1378246519455
mas0M0kui0Tang2,i,364.54551527927356,2197.4879326512882
mas0M0kui0Tang2,a,448.077420851484,1314.2300577671551
mas0M0kui0Tang2,ā,666.4787446873758,1283.8514859904597
mas0M0kui0Tang2,a,649.9838467953786,1380.4051777383406
mas0M0kui0Tang2,ā,574.9848855873198,1704.741433285715
mas0M0kui0Tang2,i,317.2122080777064,2420.609502370925
mas0M0kui0Tang2,a,657.562841760485,1312.671958087841
mas0M0kui0Tang2,ā,628.125342392327,1061.91362905253
mas0M0kui0Tang2,i,320.55528716539334,2285.2497955736912
mas0M0kui0Tang2,a,255.0797535649373,2035.504976092723
mas0M0kui0Tang2,o,491.0627508009577,1160.4569450455874
mas0M0kui0Tang2,i,372.093898924588,2120.176528450003
mas0M0kui0Tang2,ā,574.9228530090342,1312.8450788791306
mas0M0kui0Tang2,a,501.547830907627,1334.505497832752
mas0M0kui0Tang2,a,530.3662856901992,1459.4896711624167
mas0M0kui0Tang2,a,395.1931034833666,1865.8822537823617
mas0M0kui0Tang2,a,518.6715400771163,1705.928360142117
mas0M0kui0Tang2,ā,574.591569767965,1630.601510492748
mas0M0kui0Tang2,i,315.3067346029068,1080.3676884756978
mas0M0kui0Tang2,a,572.8349951052735,1233.6048816589814
mas0M0kui0Tang2,a,517.8926069201364,1206.743340788677
mas0M0kui0Tang2,a,525.8958579926898,1055.0061601836849
mas0M0kui0Tang2,a,562.388834011784,1267.7516903006463
mas0M0kui0Tang2,ā,597.9947876349883,1276.8602324476628
mas0M0kui0Tang2,a,554.6945315891841,1459.87391804247
mas0M0kui0Tang2,a,557.0354532530552,1161.290195428172
mas0M0kui0Tang2,a,486.581736603343,1704.832524938919
mas0M0kui0Tang2,ā,637.7485967077652,1374.473918079362
mas0M0kui0Tang2,a,354.98263383969027,842.3357857054931
mas0M0kui0Tang2,o,524.2651655525589,1048.7830353082813
mas0M0kui0Tang2,a,597.8158140858518,1094.3484096446753
mas0M0kui0Tang2,i,418.6543629682028,2308.383315343869
mas0M0kui0Tang2,a,673.7185457087855,1271.175712481095
mas0M0kui0Tang2,ā,653.6799438280887,1225.571511656828
mas0M0kui0Tang2,o,453.31138678038667,970.1220574309432
mas0M0kui0Tang2,i,359.27539534490586,2300.529432124138
mas0M0kui0Tang2,a,416.05076106291267,1687.8520490275187
mas0M0kui0Tang2,i,350.43334878991465,2369.884616816789
mas0M0kui0Tang2,a,658.0977036356893,1213.3324837647513
mas0M0kui0Tang2,ā,633.7832323927523,1090.1591787257166
mas0M0kui0Tang2,i,325.7260428563303,2282.4825955065626
mas0M0kui0Tang2,a,535.3633478183568,1245.790420016129
mas0M0kui0Tang2,a,430.23813557993475,1909.8671369965027
mas0M0kui0Tang2,a,244.13426072894958,1174.957314828019
mas0M0kui0Tang2,o,579.9038923839231,1266.5798570077245
mas0M0kui0Tang2,a,447.1315196580509,1082.8085366619284
mas0M0kui0Tang2,o,402.7607301557965,1235.089085060916
mas0M0kui0Tang2,a,546.8245519343831,1169.4513676081037
mas0M0kui0Tang2,a,563.0203011426183,1266.9253589068678
mas0M0kui0Tang2,u,340.66311693443885,912.8053374269244
mas0M0kui0Tang2,a,623.8198607734769,1116.9817519033006
mas0M0kui0Tang2,a,655.6022044350523,1180.6181014962417
mas0M0kui0Tang2,ā,713.4671305364569,1258.7586837712076
mas0M0kui0Tang2,a,625.5711990241889,1253.747623252429
mas0M0kui0Tang2,a,370.3954445014847,964.6900843073669
mas0M0kui0Tang2,a,305.1397476716,1198.3108238968807
mas0M0kui0Tang2,a,406.45171067036364,943.5570400352251
mas0M0kui0Tang2,a,524.3631321157128,1178.2656252216827
mas0M0kui0Tang2,a,552.1397007708845,1396.4860319722343
mas0M0kui0Tang2,a,517.5713784296828,1241.5552727478894
mas0M0kui0Tang2,a,571.2230718873866,1256.0793052917545
mas0M0kui0Tang2,i,290.17736132346795,2303.733385360518
mas0M0kui0Tang2,ā,564.3137824228754,1575.3907212705376
mas0M0kui0Tang2,i,283.418161457559,1362.0291194357264
mas0M0kui0Tang2,a,673.5251763687817,1210.6041873815345
mas0M0kui0Tang2,ā,647.7451860648343,1107.957310234917
mas0M0kui0Tang2,i,308.34443687035474,2380.273716696473
mas0M0kui0Tang2,a,276.41258636773495,1889.0781034548718
mas0M0kui0Tang2,o,454.6293189269704,1072.7887597388544
mas0M0kui0Tang2,i,352.46587994774455,2268.6512380755225
mas0M0kui0Tang2,a,397.2483940603405,1775.8079176279298
mas0M0kui0Tang2,i,297.8068432568605,2292.5405890643137
mas0M0kui0Tang2,a,565.9628045573277,1505.5428572450905
mas0M0kui0Tang2,a,509.8280414106989,1147.6201239605725
mas0M0kui0Tang2,a,626.4239674012127,1282.8669472009854
mas0M0kui0Tang2,ā,690.2300518547007,1289.7552923760386
mas0M0kui0Tang2,a,678.7254965405593,1238.1522419573269
mas0M0kui0Tang2,ā,706.4242062212066,1191.2562082360482
mas0M0kui0Tang2,a,565.9983182951721,1292.0325421205255
mas0M0kui0Tang2,a,541.2032688970825,1348.2176566680894
mas0M0kui0Tang2,u,370.2641394726952,1178.460049892728
mas0M0kui0Tang2,a,518.8102052462372,1485.2516286836837
mas0M0kui0Tang2,a,571.4268062057881,1229.669290268231
mas0M0kui0Tang2,a,679.1510840359168,1171.1194527287664
mas0M0kui0Tang2,a,586.7962677979252,1422.5948728280484
mas0M0kui0Tang2,a,640.2909976094021,1186.2573363371864
mas0M0kui0Tang2,i,336.40524253956096,2383.248422318586
mas0M0kui0Tang2,a,516.9176507250583,1682.6320623246668
mas0M0kui0Tang2,i,302.51050098543755,2239.5196391346494
mas0M0kui0Tang2,i,301.3344954743205,2392.2509377732545
mas0M0kui0Tang2,a,680.4401952689167,1258.985632086151
mas0M0kui0Tang2,ā,573.0821832202565,1006.1177397769894
mas0M0kui0Tang2,i,337.6342849591795,2294.261433567381
mas0M0kui0Tang2,u,296.2422710066742,1094.4516057528526
mas0M0kui0Tang2,u,408.67245681682283,1101.389683365585
mas0M0kui0Tang2,a,606.373390697202,1212.3730045061827
mas0M0kui0Tang2,i,323.47647602297957,2043.4660298728886
mas0M0kui0Tang2,ā,626.0943964053776,1234.7587012669042
mas0M0kui0Tang2,ā,640.6167688892501,1186.1263892136355
mas0M0kui0Tang2,ā,557.1791985599192,1588.668028749188
mas0M0kui0Tang2,a,635.8436032591974,1205.7017268063505
mas0M0kui0Tang2,i,342.88086811169404,2292.3757455512
mas0M0kui0Tang2,a,581.6839259535524,1374.370436565564
mas0M0kui0Tang2,a,670.199003635245,1472.3497874818033
mas0M0kui0Tang2,i,314.7112960558977,2334.0242149209867
mas0M0kui0Tang2,ā,573.4877743418782,1584.9637093807112
mas0M0kui0Tang2,i,336.1953142302838,2248.6344684372407
mas0M0kui0Tang2,a,656.6647323350487,1561.7941043859937
mas0M0kui0Tang2,a,540.1714347567912,1406.3045705131117
mas0M0kui0Tang2,ā,668.5445284416111,1272.8672567017188
mas0M0kui0Tang2,a,683.1910958385544,1274.708316968186
mas0M0kui0Tang2,ā,554.4356277019541,956.4757471103438
mas0M0kui0Tang2,i,359.9616428040544,2344.2624751037124
mas0M0kui0Tang2,a,375.2534863689705,1886.4746204866537
mas0M0kui0Tang2,o,473.4740328582257,1042.4326788105282
mas0M0kui0Tang2,i,392.60934151265036,2178.404528264541
mas0M0kui0Tang2,ā,656.8187004659258,1249.922181769813
mas0M0kui0Tang2,a,635.1800361244547,1244.830596957562
mas0M0kui0Tang2,i,348.2048182379397,2121.2336489201866
mas0M0kui0Tang2,a,351.3733955192277,1322.5834621853426
mas0M0kui0Tang2,a,504.40519324207673,1445.061963184602
mas0M0kui0Tang2,ā,607.0110184215315,1401.6872303124824
mas0M0kui0Tang2,a,701.4368428734177,1213.3798522146542
mas0M0kui0Tang2,ā,644.8992156283284,1209.3194338590147
mas0M0kui0Tang2,o,440.50643264178893,912.6572031791658
mas0M0kui0Tang2,i,367.16869169869767,2258.8298597882685
mas0M0kui0Tang2,a,526.6931199090209,1497.7208473005785
mas0M0kui0Tang2,i,380.1056529906892,2354.6673219764043
mas0M0kui0Tang2,a,686.9336344960132,1396.8795086849748
mas0M0kui0Tang2,ā,715.1713692556996,1540.6969163955648
mas0M0kui0Tang2,i,312.7239103526048,2432.192976223572
mas0M0kui0Tang2,i,299.22104611238666,2401.255156837093
mas0M0kui0Tang2,a,495.81428048578266,1866.5493816780106
mas0M0kui0Tang2,i,332.68673512752525,2352.001836386136
mas0M0kui0Tang2,i,327.74732638638767,2113.9060982910537
mas0M0kui0Tang2,i,305.04959820808085,2392.686664538792
mas0M0kui0Tang2,a,666.4205491803193,1380.8186123826347
mas0M0kui0Tang2,a,525.0845936663426,1166.5993402041142
mas0M0kui0Tang2,a,544.2249376684865,1683.4607023875826
mas0M0kui0Tang2,a,550.4059245701203,1219.9063018735164
mas0M0kui0Tang2,a,510.1457682159091,1508.8204846743083
mas0M0kui0Tang2,ā,697.4208116890509,1307.0551864084212
mas0M0kui0Tang2,a,686.7792311851255,1224.093185464345
the0M0kui0Tang2,ā,889.1757772429357,1290.560082471389
the0M0kui0Tang2,o,366.9466166266365,809.9533577266604
the0M0kui0Tang2,a,320.49635172844967,1456.7748569969801
the0M0kui0Tang2,i,276.87907647903006,2267.851881296554
the0M0kui0Tang2,a,422.3532084654674,1270.080526715887
the0M0kui0Tang2,a,450.12618058344117,1393.6767738806277
the0M0kui0Tang2,i,415.2802590583806,2029.2388340132165
the0M0kui0Tang2,i,279.9097850410466,2071.057095536537
the0M0kui0Tang2,a,334.19429082261433,1156.85810040077
the0M0kui0Tang2,a,321.1543570508293,1297.7527812134886
the0M0kui0Tang2,a,319.65301957988765,1545.224629349694
the0M0kui0Tang2,a,374.444301784123,1193.3472131777476
the0M0kui0Tang2,i,337.84860899512915,2250.357787708287
the0M0kui0Tang2,ā,598.7121130604615,1274.8868157064408
the0M0kui0Tang2,a,312.825288515754,1253.6696201250613
the0M0kui0Tang2,u,394.86217309313815,1233.2096010662215
the0M0kui0Tang2,u,378.6745628557682,1211.0027257133959
the0M0kui0Tang2,a,442.48356232533376,1291.1488463273874
the0M0kui0Tang2,a,325.2361270490747,1557.292293138354
the0M0kui0Tang2,o,414.66566082922196,1168.0954744609205
the0M0kui0Tang2,a,260.71033254814756,1033.5919905558846
the0M0kui0Tang2,a,245.88194401303733,1260.6585289105826
the0M0kui0Tang2,a,323.42883369831327,1295.3737521527946
the0M0kui0Tang2,ā,634.4490713736318,1410.7715126400362
the0M0kui0Tang2,a,324.304329655958,1299.036058990224
the0M0kui0Tang2,a,516.6515996976957,1325.4432190393154
the0M0kui0Tang2,ā,488.85459233561886,1091.4907613448331
the0M0kui0Tang2,o,321.3629900735482,874.1637339882625
the0M0kui0Tang2,i,207.97947438603953,2421.7313701386593
the0M0kui0Tang2,a,885.7620799380959,2062.361531701426
the0M0kui0Tang2,i,280.9341346074754,2331.0507144776593
the0M0kui0Tang2,a,217.9614932178032,1540.545907114218
the0M0kui0Tang2,i,911.5142808694436,2058.1441827306935
the0M0kui0Tang2,i,315.3938578260152,2289.2156317241293
the0M0kui0Tang2,i,307.7375117012007,2015.3623490211312
the0M0kui0Tang2,ā,631.7167000710419,1291.0369351320408
the0M0kui0Tang2,a,479.5567241303149,1279.9028642054536
the0M0kui0Tang2,a,240.38497500434053,873.4014992763899
the0M0kui0Tang2,a,384.7023732959138,1320.5879659696775
the0M0kui0Tang2,a,458.70367316127385,1361.9467213296105
the0M0kui0Tang2,a,480.7419159804823,1461.69316293159
the0M0kui0Tang2,a,380.56408062177127,2356.4979199316044
the0M0kui0Tang2,a,201.72740339465003,1128.636654263231
the0M0kui0Tang2,ā,558.0734571706855,1823.189789328387
the0M0kui0Tang2,a,611.1728347692087,1168.8830923328237
the0M0kui0Tang2,a,302.3774528577334,1201.8076970290736
the0M0kui0Tang2,a,279.1314783452205,1380.9212702855118
the0M0kui0Tang2,a,376.5213886590713,1398.2198390445244
the0M0kui0Tang2,a,513.9418333323304,1186.8613077006135
the0M0kui0Tang2,ā,638.0464768033579,1468.1361695743426
the0M0kui0Tang2,i,310.72041602765415,2169.085506250377
the0M0kui0Tang2,a,248.74302497716707,1312.464720546897
the0M0kui0Tang2,ā,622.113422345437,1266.890995952153
the0M0kui0Tang2,a,636.7465151923828,1431.3179347018433
the0M0kui0Tang2,ā,700.372037943539,1722.959497839626
the0M0kui0Tang2,i,239.48458935025602,2467.6625123570343
the0M0kui0Tang2,a,582.7923017291616,1220.6183714447661
the0M0kui0Tang2,ā,423.4543227845243,916.0487130263592
the0M0kui0Tang2,a,292.3044544274058,1711.9249827565059
the0M0kui0Tang2,o,383.32878109984296,1094.5274971685112
the0M0kui0Tang2,i,315.68936175666084,2082.1229731810167
the0M0kui0Tang2,ā,396.6229201534932,1163.4569739209596
the0M0kui0Tang2,a,1111.2619715548176,2412.8607585664495
the0M0kui0Tang2,a,454.33435296623577,1426.8682717746362
the0M0kui0Tang2,a,955.6339227249862,1540.8890663605878
the0M0kui0Tang2,a,455.9544646468322,1401.9974770014323
the0M0kui0Tang2,ā,443.1979430964374,1494.3159820436767
the0M0kui0Tang2,i,371.1463281486061,2142.1909997865678
the0M0kui0Tang2,a,556.9356278923107,1304.8382095694726
the0M0kui0Tang2,a,305.03366133770265,901.6040369658878
the0M0kui0Tang2,a,669.6707823136325,1238.1565841978722
the0M0kui0Tang2,a,531.9472545259839,1244.5833768390653
the0M0kui0Tang2,ā,587.6625415387174,1266.0602740055213
the0M0kui0Tang2,a,463.8231021751069,1278.1632936897945
the0M0kui0Tang2,a,367.9546172267599,1159.9853960669661
the0M0kui0Tang2,a,316.8602142702745,2271.158613566848
the0M0kui0Tang2,ā,552.8766775403038,1265.4305449180463
the0M0kui0Tang2,a,237.3745995853435,1079.5125532566394
the0M0kui0Tang2,o,421.62426576310133,1030.143469137001
the0M0kui0Tang2,a,422.30998203275243,1051.8492111544235
the0M0kui0Tang2,i,328.93448806269504,2184.7376820077775
the0M0kui0Tang2,a,524.3962901705503,1321.4890361873308
the0M0kui0Tang2,ā,409.7245952205226,1103.9620303001923
the0M0kui0Tang2,o,376.0825247881038,918.5551004404981
the0M0kui0Tang2,i,302.65366903241755,2138.1204440121555
the0M0kui0Tang2,a,309.71025425231977,1509.330719548758
the0M0kui0Tang2,i,253.61653560764796,1019.7112791195887
the0M0kui0Tang2,a,616.5322582054683,1298.9688633880949
the0M0kui0Tang2,ā,526.0368306038512,887.6690789408225
the0M0kui0Tang2,i,282.1804787192438,2231.1132877045184
the0M0kui0Tang2,a,255.82483604271832,1011.3823160385942
the0M0kui0Tang2,a,335.7844313554004,1250.3068343875946
the0M0kui0Tang2,o,296.4901013018784,898.3604891565946
the0M0kui0Tang2,a,384.39014198538024,1094.0776162616287
the0M0kui0Tang2,o,397.76830615972074,1007.5373356697781
the0M0kui0Tang2,a,380.39080092890043,1046.013377507109
the0M0kui0Tang2,u,241.75593983285583,707.8893090028423
the0M0kui0Tang2,a,514.342079214104,1057.733627154817
the0M0kui0Tang2,a,542.5117894053597,1065.1658712681995
the0M0kui0Tang2,a,561.8149610043175,1260.62652689017
the0M0kui0Tang2,a,267.72982092144224,972.1852885928117
the0M0kui0Tang2,a,415.3199846052832,1179.880902581504
the0M0kui0Tang2,a,327.10875839984226,1436.4467351953788
the0M0kui0Tang2,a,597.0973944206884,1237.4636418497332
the0M0kui0Tang2,a,522.9108237182381,1293.4245028888133
the0M0kui0Tang2,i,283.5284371793794,2216.8160369190005
the0M0kui0Tang2,ā,574.4807295222084,1408.5761179518138
the0M0kui0Tang2,i,281.3993552984117,2015.7775046002384
the0M0kui0Tang2,a,575.0008464782222,1227.6368333334558
the0M0kui0Tang2,ā,513.5835005813002,868.3247186757615
the0M0kui0Tang2,i,264.5708895953331,2401.5070994602893
the0M0kui0Tang2,a,280.75714881820795,1818.947411074602
the0M0kui0Tang2,o,309.42734762290956,1288.8253504248573
the0M0kui0Tang2,i,305.140213876459,2305.7797889835474
the0M0kui0Tang2,a,374.7190841832887,1602.0779422877204
the0M0kui0Tang2,i,884.638233415933,2308.820904464522
the0M0kui0Tang2,a,550.1855476055573,1353.7946708686334
the0M0kui0Tang2,a,335.2467425200458,1258.3819551422969
the0M0kui0Tang2,ā,580.5445477051605,1213.164837306658
the0M0kui0Tang2,a,670.2085552154017,1315.6498972659028
the0M0kui0Tang2,ā,794.9281711333111,1238.9877518451206
the0M0kui0Tang2,a,413.7233859184895,1313.913482567689
the0M0kui0Tang2,a,424.4651748890086,1385.250188630329
the0M0kui0Tang2,u,942.5019193593655,1998.8329761975892
the0M0kui0Tang2,a,473.5143522532762,1359.7969048950338
the0M0kui0Tang2,a,550.8425878353247,1234.850028393278
the0M0kui0Tang2,a,416.826304660856,1543.6998587509795
the0M0kui0Tang2,a,605.3311227565043,1429.7048071278132
the0M0kui0Tang2,a,387.85303190554447,1140.9011159721565
the0M0kui0Tang2,i,357.23475308858787,2140.866778887292
the0M0kui0Tang2,a,481.27550834220324,1332.2009766651624
the0M0kui0Tang2,i,248.449534510942,1083.5242367447436
the0M0kui0Tang2,i,319.5498695874897,2213.137982716756
the0M0kui0Tang2,a,599.0889919275223,1287.014747148555
the0M0kui0Tang2,ā,656.1319002460319,1035.6316895947662
the0M0kui0Tang2,i,299.8847574318788,2320.2313878897567
the0M0kui0Tang2,u,261.6695245829976,1131.0298256858136
the0M0kui0Tang2,u,361.6986041420979,1259.1719471551205
the0M0kui0Tang2,a,788.6370868550803,1541.6327424690608
the0M0kui0Tang2,i,224.67372066328275,1294.3531050855543
the0M0kui0Tang2,ā,545.4990457292929,1038.7013899476913
the0M0kui0Tang2,ā,535.9005246486946,1179.1069727222955
the0M0kui0Tang2,ā,364.3275220571842,1829.4463177347377
the0M0kui0Tang2,a,461.4731415494688,1282.820101448744
the0M0kui0Tang2,i,330.55033059657467,2012.427070328172
the0M0kui0Tang2,a,472.26990559612676,1218.5879108127733
the0M0kui0Tang2,a,639.2605772777661,1350.5610636023728
the0M0kui0Tang2,ā,449.75303941634513,1392.5728448362847
the0M0kui0Tang2,i,240.09623209598251,2118.537310411616
the0M0kui0Tang2,a,439.1349965930924,1224.581553816181
the0M0kui0Tang2,a,524.6766487681844,1267.5163425502517
the0M0kui0Tang2,ā,267.25703801381763,1110.0079020694855
the0M0kui0Tang2,a,492.1078068110659,1375.1201687692435
the0M0kui0Tang2,ā,584.5829366361187,1022.2004897655617
the0M0kui0Tang2,i,264.97723945083345,2389.5277839927626
the0M0kui0Tang2,a,313.48665846837605,1345.8462474552289
the0M0kui0Tang2,o,423.98908769319786,1059.7590128337954
the0M0kui0Tang2,i,299.01349667431873,2218.847050358939
the0M0kui0Tang2,ā,781.01832769471,1404.7828006051195
the0M0kui0Tang2,a,534.8051998997345,1105.226766975673
the0M0kui0Tang2,a,424.4935239458076,1412.0196259031904
the0M0kui0Tang2,a,426.39295353679796,1364.01580430778
the0M0kui0Tang2,ā,472.4522110307575,1279.8824544881445
the0M0kui0Tang2,a,520.4943207204952,1222.4499048663486
the0M0kui0Tang2,ā,532.8295810154235,1278.466626730099
the0M0kui0Tang2,o,359.1578387621685,658.742302601589
the0M0kui0Tang2,i,304.3851551187469,2226.16568989173
the0M0kui0Tang2,a,218.38796578575705,1659.3989574526393
the0M0kui0Tang2,i,333.80965411666057,2336.7487753289174
the0M0kui0Tang2,a,508.8909165440802,1267.2646662997897
the0M0kui0Tang2,i,347.39519912052646,2345.348171439553
the0M0kui0Tang2,i,329.26284076824646,2441.7929823568975
the0M0kui0Tang2,a,291.67494038345336,2115.3136915073633
the0M0kui0Tang2,i,304.65696117064226,2035.1746488316799
the0M0kui0Tang2,i,312.5323713085402,2120.8043265758606
the0M0kui0Tang2,i,261.91089778016374,1253.0464999360868
the0M0kui0Tang2,a,464.6509674449246,1276.4073513544688
the0M0kui0Tang2,a,268.8259193180706,973.5160333853313
the0M0kui0Tang2,a,435.7130939610452,1505.046937186362
the0M0kui0Tang2,a,442.5597212108104,1177.91249280637
the0M0kui0Tang2,a,330.69001501403557,2262.9489475390665
the0M0kui0Tang2,ā,727.7933380041894,1279.312934788846
the0M0kui0Tang2,a,490.8670476727823,1016.0180775520314
wun0F0kui0Tang2,ā,899.3404721573999,1404.065903318405
wun0F0kui0Tang2,o,488.53175664258345,1006.4484754489627
wun0F0kui0Tang2,i,310.1680994216093,820.7945472318825
wun0F0kui0Tang2,a,679.2340591003417,1450.9794826095194
wun0F0kui0Tang2,i,252.03269233894744,1002.0875316121972
wun0F0kui0Tang2,a,406.17312784498876,1193.0490052535256
wun0F0kui0Tang2,a,800.4783320425634,1395.9915252860749
wun0F0kui0Tang2,i,1068.0007301460723,2160.43887579575
wun0F0kui0Tang2,i,329.9294236964444,1952.4788359142394
wun0F0kui0Tang2,a,861.5608577142995,1207.1298564486124
wun0F0kui0Tang2,a,353.1801631088839,1176.3815062693234
wun0F0kui0Tang2,a,586.6456021810014,1276.876960688515
wun0F0kui0Tang2,a,803.0515072116413,1300.2949479403826
wun0F0kui0Tang2,i,289.01817082552583,808.4946909711824
wun0F0kui0Tang2,ā,986.624651872916,1440.6335809385698
wun0F0kui0Tang2,a,803.543880608185,1356.6349538011075
wun0F0kui0Tang2,u,253.704536270721,966.8183701745705
wun0F0kui0Tang2,u,285.08533395544896,1076.7664263068616
wun0F0kui0Tang2,a,560.361886319531,1470.0013282361008
wun0F0kui0Tang2,a,361.6574157023021,1164.3622593506946
wun0F0kui0Tang2,o,530.9152983767218,1019.1345024214783
wun0F0kui0Tang2,a,308.1734576571415,1108.894981390045
wun0F0kui0Tang2,a,496.17327003762716,1379.7916838901608
wun0F0kui0Tang2,a,970.1688070927444,1589.4739830910655
wun0F0kui0Tang2,ā,1040.5833411178526,1262.491253526582
wun0F0kui0Tang2,a,478.87625257654474,1835.5013220458222
wun0F0kui0Tang2,a,958.2546661159146,1448.6722380060414
wun0F0kui0Tang2,ā,563.5969737692337,1117.9118076862205
wun0F0kui0Tang2,o,338.89214644886306,784.198954199752
wun0F0kui0Tang2,i,333.309438895175,3162.0070726853032
wun0F0kui0Tang2,a,353.6137938090287,1971.7174735840053
wun0F0kui0Tang2,i,254.33336488140606,847.1490379659847
wun0F0kui0Tang2,a,373.97689232248166,990.0048492153745
wun0F0kui0Tang2,i,274.12676717383886,2178.7942235473115
wun0F0kui0Tang2,i,305.5747506525861,779.0271873883157
wun0F0kui0Tang2,i,1032.938608695305,2494.091029151478
wun0F0kui0Tang2,ā,378.7635890234325,914.596556897903
wun0F0kui0Tang2,a,874.7687621325794,1372.192753937914
wun0F0kui0Tang2,a,312.2249165509512,1090.0358503714122
wun0F0kui0Tang2,a,260.9891991716309,1607.752056220966
wun0F0kui0Tang2,a,749.677022612591,1313.7185195690058
wun0F0kui0Tang2,a,784.4724664247941,1053.4815257704233
wun0F0kui0Tang2,a,360.1649198413288,2654.997844300814
wun0F0kui0Tang2,a,375.98332569992357,948.7273231526627
wun0F0kui0Tang2,a,859.3892812151722,1123.5363062944823
wun0F0kui0Tang2,ā,928.7789768793456,1684.0403599549743
wun0F0kui0Tang2,a,763.5957087798874,1449.9571475079028
wun0F0kui0Tang2,a,835.6941562590874,1220.1890656588841
wun0F0kui0Tang2,a,362.8279361648334,1138.21780178283
wun0F0kui0Tang2,a,445.7829117972245,1017.8937799403707
wun0F0kui0Tang2,a,714.8173219016345,1291.6881345511256
wun0F0kui0Tang2,ā,824.1377705489114,1744.310850565614
wun0F0kui0Tang2,i,336.7388129055876,2695.802916241493
wun0F0kui0Tang2,a,353.80291591206105,756.7374453648972
wun0F0kui0Tang2,ā,994.4499170000853,1369.8419452160904
wun0F0kui0Tang2,a,790.3324258863815,1431.126812926704
wun0F0kui0Tang2,ā,423.0171614459832,974.8809157470008
wun0F0kui0Tang2,i,274.6308261205035,682.4095808785512
wun0F0kui0Tang2,a,891.9659650979568,1406.1582439398328
wun0F0kui0Tang2,ā,768.387885976466,1054.703691359487
wun0F0kui0Tang2,i,310.78587609892645,2821.345057945938
wun0F0kui0Tang2,a,349.109574345222,1956.1009419073866
wun0F0kui0Tang2,o,458.15467253861175,1065.049373235764
wun0F0kui0Tang2,i,334.8462428920999,2585.069267527168
wun0F0kui0Tang2,ā,972.383692503249,1470.929515394256
wun0F0kui0Tang2,a,627.8460215902015,1537.7258912129253
wun0F0kui0Tang2,a,674.4459715310339,1419.2369925122057
wun0F0kui0Tang2,a,381.0521052468312,2115.4773480038148
wun0F0kui0Tang2,a,499.8389007668418,1517.0608196915005
wun0F0kui0Tang2,ā,496.3006438462673,868.3005888782836
wun0F0kui0Tang2,i,338.9819865433652,2283.535766886154
wun0F0kui0Tang2,a,862.181894470969,1449.2249206266108
wun0F0kui0Tang2,a,383.6456214604285,1146.0557033009366
wun0F0kui0Tang2,a,1111.3908093560165,1537.4393730332536
wun0F0kui0Tang2,a,607.1533781154803,1525.402495512938
wun0F0kui0Tang2,ā,963.9913942277163,1585.3175936341765
wun0F0kui0Tang2,a,787.3439540200875,1328.3470353410598
wun0F0kui0Tang2,a,784.8743531502473,1371.124980104316
wun0F0kui0Tang2,a,338.0913196355345,3222.598819518304
wun0F0kui0Tang2,ā,900.2189806849999,1342.480251987489
wun0F0kui0Tang2,a,366.2210380237942,1181.980725028651
wun0F0kui0Tang2,o,465.84292106531353,1116.458241652038
wun0F0kui0Tang2,a,750.5950419212536,1212.5442623176075
wun0F0kui0Tang2,i,365.38737503932964,2380.193503731709
wun0F0kui0Tang2,a,907.5842967375504,1403.6344721243995
wun0F0kui0Tang2,ā,892.0815162890347,1567.430447155025
wun0F0kui0Tang2,o,345.8048562108435,793.7008405266696
wun0F0kui0Tang2,i,289.4970981423195,1343.5770686443295
wun0F0kui0Tang2,a,351.6239545818607,1216.5980283614736
wun0F0kui0Tang2,i,268.79415138490106,845.0380569510999
wun0F0kui0Tang2,a,906.0097040428486,1484.5192632404521
wun0F0kui0Tang2,ā,937.247314711926,1188.3962680000773
wun0F0kui0Tang2,i,317.5350727982836,2695.07025105206
wun0F0kui0Tang2,a,340.9293831497502,1136.7836469384495
wun0F0kui0Tang2,a,344.391973008441,879.1812964258052
wun0F0kui0Tang2,a,380.647753122503,1123.6825450112487
wun0F0kui0Tang2,o,625.2898940321054,967.7321037844465
wun0F0kui0Tang2,a,642.8316525741064,1155.256012802152
wun0F0kui0Tang2,o,308.2071690671237,1302.4975670159108
wun0F0kui0Tang2,a,759.2897162417398,1280.7322815411953
wun0F0kui0Tang2,a,711.0144175876658,1525.1346432089686
wun0F0kui0Tang2,u,305.54791099035316,870.5683321744062
wun0F0kui0Tang2,a,765.8452265552252,1202.0457690955327
wun0F0kui0Tang2,a,683.0562687148499,1165.270996458987
wun0F0kui0Tang2,ā,589.9932182354238,1289.3407778742435
wun0F0kui0Tang2,a,504.7245181435346,1160.8886081041103
wun0F0kui0Tang2,a,254.10767995584732,1124.374008202097
wun0F0kui0Tang2,a,520.6640255547701,1518.8317871521208
wun0F0kui0Tang2,a,304.77714134066247,1010.873838801624
wun0F0kui0Tang2,a,491.1386948413321,1272.0748097381352
wun0F0kui0Tang2,a,290.8675275510103,1170.7384490370903
wun0F0kui0Tang2,a,1005.1826915945614,1389.918141292219
wun0F0kui0Tang2,a,880.5401028873678,1326.0529055035154
wun0F0kui0Tang2,i,327.954947208223,2858.1658857628186
wun0F0kui0Tang2,ā,885.0308398729396,1400.623266027677
wun0F0kui0Tang2,i,239.95308787922988,541.7451870542973
wun0F0kui0Tang2,a,930.3305198968204,1394.4036921274576
wun0F0kui0Tang2,ā,909.9785082726397,1192.975044998536
wun0F0kui0Tang2,i,323.95711495367385,2707.8440946122473
wun0F0kui0Tang2,a,365.64256564180585,2018.5903408069955
wun0F0kui0Tang2,o,732.4417426184539,1203.8115088329637
wun0F0kui0Tang2,i,333.9115920301351,620.4323257050885
wun0F0kui0Tang2,a,330.52886767058476,1072.7290302928943
wun0F0kui0Tang2,i,315.86897431820717,899.1451532487018
wun0F0kui0Tang2,a,709.197897780043,1306.0222836150149
wun0F0kui0Tang2,a,314.1941033896401,1248.9732993858092
wun0F0kui0Tang2,a,760.5535726811031,1472.8550830730323
wun0F0kui0Tang2,ā,959.7017533918092,1470.8724747404053
wun0F0kui0Tang2,a,885.299871421322,1393.2016209464841
wun0F0kui0Tang2,ā,974.2201329668503,1241.314584573312
wun0F0kui0Tang2,a,630.8322679209566,1231.3097377023303
wun0F0kui0Tang2,a,515.346078094356,1451.2078276083623
wun0F0kui0Tang2,u,916.1765900838074,1344.2820888371348
wun0F0kui0Tang2,a,701.0185173924519,1155.7466004612345
wun0F0kui0Tang2,a,586.1225917038245,1178.920881177064
wun0F0kui0Tang2,a,254.08924547321485,1246.966622709787
wun0F0kui0Tang2,a,662.5698656191959,1433.5162258591076
wun0F0kui0Tang2,a,634.1009439898944,1278.0711279708878
wun0F0kui0Tang2,i,383.72145538036006,1062.5976705494395
wun0F0kui0Tang2,a,821.6056783287477,1470.0654375229512
wun0F0kui0Tang2,i,287.5147825999941,1345.3053366647534
wun0F0kui0Tang2,a,801.1433451527005,1258.035201612052
wun0F0kui0Tang2,ā,768.013784027073,1042.8025665561086
wun0F0kui0Tang2,i,323.39161182417035,2560.0092603337425
wun0F0kui0Tang2,u,317.50637179346205,1169.6579563847697
wun0F0kui0Tang2,u,288.64455639899586,1029.6572336211582
wun0F0kui0Tang2,a,611.4716084596387,1414.5038145791202
wun0F0kui0Tang2,i,301.9291831473635,972.5438327537142
wun0F0kui0Tang2,ā,1075.5563928455888,1401.2190080777852
wun0F0kui0Tang2,ā,919.1306492127818,1396.6428361473656
wun0F0kui0Tang2,ā,913.700667320468,2061.9768192140896
wun0F0kui0Tang2,a,864.9905371261646,1410.0105897698006
wun0F0kui0Tang2,i,212.70500396217562,2186.1110162928853
wun0F0kui0Tang2,a,310.1675614490567,713.12494603656
wun0F0kui0Tang2,a,938.7900424096237,1522.013927869725
wun0F0kui0Tang2,i,340.16021817156036,2565.223189448196
wun0F0kui0Tang2,ā,871.2067170120857,1360.7313356092013
wun0F0kui0Tang2,i,325.564081269419,2352.734008197388
wun0F0kui0Tang2,a,553.2292462791336,1248.90955274344
wun0F0kui0Tang2,a,340.5460575899883,1406.380625236975
wun0F0kui0Tang2,ā,1003.6814795451951,1439.6144306482354
wun0F0kui0Tang2,a,953.9624991226052,1435.6382380744826
wun0F0kui0Tang2,ā,844.1412718439758,1139.0011507240135
wun0F0kui0Tang2,i,313.3930142686247,2593.094438204504
wun0F0kui0Tang2,a,277.65877558848456,1966.7860097839737
wun0F0kui0Tang2,o,694.4249003681477,1183.2616760148521
wun0F0kui0Tang2,i,346.16078527799925,2466.4146940161927
wun0F0kui0Tang2,ā,953.8520703242505,1467.4013216001347
wun0F0kui0Tang2,a,795.2147738377483,1306.3485471159438
wun0F0kui0Tang2,i,275.5804187598745,2042.075760393537
wun0F0kui0Tang2,ā,894.2176213580698,1349.8517481926676
wun0F0kui0Tang2,a,618.6332173123106,1445.8162925855845
wun0F0kui0Tang2,ā,916.2051018228317,1390.5933409242414
wun0F0kui0Tang2,a,825.8837011087397,1322.3662868919685
wun0F0kui0Tang2,ā,532.5016699549966,1185.9621808922227
wun0F0kui0Tang2,o,365.8220852745503,782.8379785066397
wun0F0kui0Tang2,a,346.9994474680208,1893.7297609250888
wun0F0kui0Tang2,i,254.37868753462797,717.6315504724269
wun0F0kui0Tang2,a,872.0070305544084,1416.133914937011
wun0F0kui0Tang2,ā,325.5046285844711,992.5484172193774
wun0F0kui0Tang2,i,265.5697896760432,833.7371419330487
wun0F0kui0Tang2,i,334.80680801981924,2705.9608312830837
wun0F0kui0Tang2,a,338.40202429225235,2285.1227431141506
wun0F0kui0Tang2,i,339.1656203195893,2606.2391711473238
wun0F0kui0Tang2,i,285.8377939597348,2123.174649694669
wun0F0kui0Tang2,i,285.19770586842657,964.7683442907036
wun0F0kui0Tang2,a,589.7592784139789,1194.4104425541307
wun0F0kui0Tang2,a,741.6457207677018,1156.8464618769553
wun0F0kui0Tang2,a,496.95455462873485,1614.5420234242358
wun0F0kui0Tang2,a,508.0419462076591,1195.4084159530785
wun0F0kui0Tang2,a,274.2221871453343,633.5973211740851
wun0F0kui0Tang2,ā,1034.9049246072282,1467.3488338868674
wun0F0kui0Tang2,a,782.0421396351304,1076.0889085309414
