speaker,vowel,F1,F2,F1_lob,F2_lob
mas0M0kui0Tang2,ā,584.8750375238435,1223.1304000750695,0.7282884887742942,-0.6738923308018525
mas0M0kui0Tang2,o,422.09835400928137,975.286170645134,-0.5380241289784491,-1.2377607139918323
mas0M0kui0Tang2,i,306.8654307636511,2313.422415997498,-1.434472573164995,1.806622134421634
mas0M0kui0Tang2,a,379.4981789498266,1529.2636514856742,-0.8694299423389193,0.02258893047515444
mas0M0kui0Tang2,i,306.71003208219526,2267.3198999848505,-1.4356814890051564,1.7017346765823524
mas0M0kui0Tang2,a,325.3120209040019,1440.7297728298495,-1.2909682988126439,-0.17883377414065088
mas0M0kui0Tang2,a,420.3515551593106,1499.9477636805948,-0.5516132584325831,-0.04410740656061281
mas0M0kui0Tang2,i,310.1882417495225,2041.8337327465485,-1.4086229404844033,1.1887329381726632
mas0M0kui0Tang2,i,330.9616281795348,2253.52365921082,-1.2470174772091618,1.6703469618179403
mas0M0kui0Tang2,a,578.9849956371492,1262.0470775914257,0.6824672188038566,-0.5853533154665083
mas0M0kui0Tang2,a,433.8559632013833,1496.994496987576,-0.4465564288564451,-0.05082635950598325
mas0M0kui0Tang2,a,486.233425309797,1439.9033069588502,-0.039088726961555166,-0.18071405989720837
mas0M0kui0Tang2,a,543.3445712412289,1343.2436807001322,0.4052044183820813,-0.40062358655277597
mas0M0kui0Tang2,i,314.04443429370957,2327.309749417901,-1.3786238941237412,1.8382170933222066
mas0M0kui0Tang2,ā,616.4277552948224,1232.3053523486228,0.9737511912639131,-0.6530184717806713
mas0M0kui0Tang2,a,521.3731638301488,1494.5258756307692,0.2342790141183444,-0.056442699803163396
mas0M0kui0Tang2,u,342.96615814782893,1174.387448444806,-1.153628869941697,-0.7847870221605384
mas0M0kui0Tang2,u,404.87112618863705,1160.9911988839854,-0.6720424385248001,-0.8152647201809591
mas0M0kui0Tang2,a,552.0802493221469,1215.5628198633285,0.4731631649276385,-0.6911092707664005
mas0M0kui0Tang2,a,330.51761321042557,1791.622073855621,-1.2504716682254309,0.6194784355416281
mas0M0kui0Tang2,o,428.8282700995048,1125.4059679595118,-0.485669101971742,-0.8962243885701615
mas0M0kui0Tang2,a,471.1414148183059,1261.1128021026736,-0.15649622599640442,-0.5874788780043505
mas0M0kui0Tang2,a,521.9187897943858,1303.0406480109355,0.2385236825079978,-0.492089178041158
mas0M0kui0Tang2,a,418.19750895882703,1227.4986247509755,-0.5683705471547769,-0.6639542185001093
mas0M0kui0Tang2,ā,639.4431116474886,1321.3581304030292,1.1527979412171991,-0.4504152233789991
mas0M0kui0Tang2,a,508.42448379836026,1299.7396265573632,0.13354544126587936,-0.49959930500349436
mas0M0kui0Tang2,a,625.1368527105701,1286.8441279266544,1.0415031549277538,-0.5289377486705151
mas0M0kui0Tang2,ā,638.8844422975994,1182.2456347074865,1.1484518024973183,-0.7669089267417546
mas0M0kui0Tang2,o,418.76176276392937,914.6191693915448,-0.5639809644603232,-1.375783713310912
mas0M0kui0Tang2,i,341.956882673137,2285.646167125319,-1.1614804752256718,1.7434286173538278
mas0M0kui0Tang2,a,377.67738472476026,1452.8644679227307,-0.8835947149079989,-0.15122622839199906
mas0M0kui0Tang2,i,306.4586838572938,2320.6347863115793,-1.4376368392541616,1.8230309392476436
mas0M0kui0Tang2,a,504.577408679616,1622.3222697105527,0.10361732343521546,0.23430583314845102
mas0M0kui0Tang2,i,315.157970958498,2007.7003576819297,-1.3699611944145056,1.11107637519852
mas0M0kui0Tang2,i,337.0657227773496,2257.140712595007,-1.199530995470653,1.6785760904458065
mas0M0kui0Tang2,i,300.14270139313413,2103.6902118244293,-1.486771691465074,1.3294621087799199
mas0M0kui0Tang2,ā,537.858236198733,1267.759848674013,0.36252376449770596,-0.5723562366106392
mas0M0kui0Tang2,a,550.4455216560889,1244.615062327369,0.4604458873334336,-0.6250127510938582
mas0M0kui0Tang2,a,461.7021022374753,1061.2125699335118,-0.2299288599949261,-1.042270264399698
mas0M0kui0Tang2,a,384.3286368631467,1386.6443153281198,-0.8318516499625813,-0.30188315699590956
mas0M0kui0Tang2,a,570.8594636155502,1422.9552876782832,0.6192550713221555,-0.21927236021344587
mas0M0kui0Tang2,a,536.225412259338,1408.117080579016,0.34982129684459323,-0.2530306440586914
mas0M0kui0Tang2,a,346.44049360975015,2199.927136051667,-1.1266004605974125,1.5484099494942403
mas0M0kui0Tang2,a,566.489114276261,1690.2058119561023,0.5852561693121255,0.38874712596873656
mas0M0kui0Tang2,a,496.5181896751486,1211.4562467345293,0.040921054570167995,-0.7004521017692181
mas0M0kui0Tang2,ā,595.9174296605348,1572.204202365587,0.8141921955641855,0.12028262725250194
mas0M0kui0Tang2,a,630.8696910366646,1203.7091259758406,1.0861014680959937,-0.718077512966513
mas0M0kui0Tang2,a,578.3374312980424,1303.6702943903804,0.6774295262073964,-0.49065667470317165
mas0M0kui0Tang2,a,433.2062431014283,1450.2455117774755,-0.4516108920806389,-0.15718459413917488
mas0M0kui0Tang2,a,544.1339328685247,1476.8320119155271,0.4113452154976893,-0.09669786470430083
mas0M0kui0Tang2,a,548.2135368954382,1231.887086350897,0.4430822796961584,-0.653970065337735
mas0M0kui0Tang2,ā,519.8876686408217,1737.1378246519455,0.22272268270010703,0.4955217649406633
mas0M0kui0Tang2,i,364.54551527927356,2197.4879326512882,-0.9857534001352593,1.5428605377495872
mas0M0kui0Tang2,a,448.077420851484,1314.2300577671551,-0.335921349701833,-0.4666322432454523
mas0M0kui0Tang2,ā,666.4787446873758,1283.8514859904597,1.36312022146122,-0.5357462839102098
mas0M0kui0Tang2,a,649.9838467953786,1380.4051777383406,1.2347990339410764,-0.3160777679954896
mas0M0kui0Tang2,ā,574.9848855873198,1704.741433285715,0.6513485738042778,0.42181699939948963
mas0M0kui0Tang2,i,317.2122080777064,2420.609502370925,-1.3539803651719875,2.0504825996470912
mas0M0kui0Tang2,a,657.562841760485,1312.671958087841,1.2937594252390117,-0.470177063106881
mas0M0kui0Tang2,ā,628.125342392327,1061.91362905253,1.0647519526690716,-1.04067529052086
mas0M0kui0Tang2,i,320.55528716539334,2285.2497955736912,-1.327973057863109,1.742526835672354
mas0M0kui0Tang2,a,255.0797535649373,2035.504976092723,-1.8373365155903563,1.1743344355720435
mas0M0kui0Tang2,o,491.0627508009577,1160.4569450455874,-0.0015192442036349432,-0.8164801967275117
mas0M0kui0Tang2,i,372.093898924588,2120.176528450003,-0.9270311479839244,1.3669699931547232
mas0M0kui0Tang2,ā,574.9228530090342,1312.8450788791306,0.6508659946356966,-0.4697831974078264
mas0M0kui0Tang2,a,501.547830907627,1334.505497832752,0.08004888306464039,-0.42050375506338045
mas0M0kui0Tang2,a,530.3662856901992,1459.4896711624167,0.3042405309553127,-0.1361532825838222
mas0M0kui0Tang2,a,395.1931034833666,1865.8822537823617,-0.7473321053368477,0.7884271646970332
mas0M0kui0Tang2,a,518.6715400771163,1705.928360142117,0.21326187472823363,0.4245173670014452
mas0M0kui0Tang2,ā,574.591569767965,1630.601510492748,0.6482887941475297,0.25314186626745794
mas0M0kui0Tang2,i,315.3067346029068,1080.3676884756978,-1.368803895494843,-0.9986906105702016
mas0M0kui0Tang2,a,572.8349951052735,1233.6048816589814,0.6346236142743201,-0.6500619232549085
mas0M0kui0Tang2,a,517.8926069201364,1206.743340788677,0.2072022053470137,-0.7111743956145362
mas0M0kui0Tang2,a,525.8958579926898,1055.0061601836849,0.26946307463982583,-1.0563904165577644
mas0M0kui0Tang2,a,562.388834011784,1267.7516903006463,0.5533582554148604,-0.572374797659288
mas0M0kui0Tang2,ā,597.9947876349883,1276.8602324476628,0.8303528922797218,-0.5516520277748758
mas0M0kui0Tang2,a,554.6945315891841,1459.87391804247,0.49350083583749144,-0.13527908564367233
mas0M0kui0Tang2,a,557.0354532530552,1161.290195428172,0.5117119123634823,-0.8145844755840296
mas0M0kui0Tang2,a,486.581736603343,1704.832524938919,-0.03637905763791606,0.4220242412761008
mas0M0kui0Tang2,ā,637.7485967077652,1374.473918079362,1.1396155516831943,-0.32957192842795474
mas0M0kui0Tang2,a,354.98263383969027,842.3357857054931,-1.0601473315482586,-1.5402350494759818
mas0M0kui0Tang2,o,524.2651655525589,1048.7830353082813,0.25677718887273393,-1.0705485971615825
mas0M0kui0Tang2,a,597.8158140858518,1094.3484096446753,0.8289605770007634,-0.9668831859651845
mas0M0kui0Tang2,i,418.6543629682028,2308.383315343869,-0.5648164755024219,1.7951577176594253
mas0M0kui0Tang2,a,673.7185457087855,1271.175712481095,1.4194418713774393,-0.5645848327473068
mas0M0kui0Tang2,ā,653.6799438280887,1225.571511656828,1.2635526257203349,-0.6683385777693185
mas0M0kui0Tang2,o,453.31138678038667,970.1220574309432,-0.29520398801615616,-1.2495095458100811
mas0M0kui0Tang2,i,359.27539534490586,2300.529432124138,-1.0267520199981774,1.7772894120585296
mas0M0kui0Tang2,a,416.05076106291267,1687.8520490275187,-0.5850710591017924,0.38339209914400213
mas0M0kui0Tang2,i,350.43334878991465,2369.884616816789,-1.0955382544734662,1.9350788265969983
mas0M0kui0Tang2,a,658.0977036356893,1213.3324837647513,1.2979203549661833,-0.6961834902177375
mas0M0kui0Tang2,ā,633.7832323927523,1090.1591787257166,1.1087672092936776,-0.976414071031647
mas0M0kui0Tang2,i,325.7260428563303,2282.4825955065626,-1.287747436887335,1.736231201388659
mas0M0kui0Tang2,a,535.3633478183568,1245.790420016129,0.34311491202730615,-0.6223387044107647
mas0M0kui0Tang2,a,430.23813557993475,1909.8671369965027,-0.474701127881996,0.8884968134429571
mas0M0kui0Tang2,a,244.13426072894958,1174.957314828019,-1.922486399384945,-0.7834905238039873
mas0M0kui0Tang2,o,579.9038923839231,1266.5798570077245,0.6896157275443465,-0.5750408260181802
mas0M0kui0Tang2,a,447.1315196580509,1082.8085366619284,-0.3432799381097644,-0.9931374567866832
mas0M0kui0Tang2,o,402.7607301557965,1235.089085060916,-0.68846015307175,-0.6466852242109209
mas0M0kui0Tang2,a,546.8245519343831,1169.4513676081037,0.4322767445047771,-0.7960170593782223
mas0M0kui0Tang2,a,563.0203011426183,1266.9253589068678,0.5582707206292051,-0.5742547774678181
mas0M0kui0Tang2,u,340.66311693443885,912.8053374269244,-1.17154525750257,-1.3799103476070635
mas0M0kui0Tang2,a,623.8198607734769,1116.9817519033006,1.0312576856663616,-0.9153902537516292
mas0M0kui0Tang2,a,655.6022044350523,1180.6181014962417,1.2785067506518046,-0.7706117142648832
mas0M0kui0Tang2,ā,713.4671305364569,1258.7586837712076,1.7286638890418584,-0.5928347134032815
mas0M0kui0Tang2,a,625.5711990241889,1253.747623252429,1.0448821291489643,-0.6042353362835878
mas0M0kui0Tang2,a,370.3954445014847,964.6900843073669,-0.9402441845209496,-1.2618677835215961
mas0M0kui0Tang2,a,305.1397476716,1198.3108238968807,-1.4478974336949209,-0.7303591459592825
mas0M0kui0Tang2,a,406.45171067036364,943.5570400352251,-0.6597463649753257,-1.3099474000332387
mas0M0kui0Tang2,a,524.3631321157128,1178.2656252216827,0.2575393145799369,-0.7759638138335494
mas0M0kui0Tang2,a,552.1397007708845,1396.4860319722343,0.4736256643351373,-0.2794923477981527
mas0M0kui0Tang2,a,517.5713784296828,1241.5552727478894,0.20470322526055296,-0.631974053388655
mas0M0kui0Tang2,a,571.2230718873866,1256.0793052917545,0.6220837426810021,-0.5989305455097553
mas0M0kui0Tang2,i,290.17736132346795,2303.733385360518,-1.5642965285483061,1.784578699912312
mas0M0kui0Tang2,ā,564.3137824228754,1575.3907212705376,0.5683332899766755,0.127532250401169
mas0M0kui0Tang2,i,283.418161457559,1362.0291194357264,-1.616879367142308,-0.3578849882335104
mas0M0kui0Tang2,a,673.5251763687817,1210.6041873815345,1.417937564803264,-0.7023906150477404
mas0M0kui0Tang2,ā,647.7451860648343,1107.957310234917,1.217383490948384,-0.9359216873236271
mas0M0kui0Tang2,i,308.34443687035474,2380.273716696473,-1.4229667232225207,1.958714982925636
mas0M0kui0Tang2,a,276.41258636773495,1889.0781034548718,-1.671378868786626,0.8411998529360935
mas0M0kui0Tang2,o,454.6293189269704,1072.7887597388544,-0.28495120444465855,-1.0159333694715706
mas0M0kui0Tang2,i,352.46587994774455,2268.6512380755225,-1.079726285611812,1.7047635930045468
mas0M0kui0Tang2,a,397.2483940603405,1775.8079176279298,-0.7313430807752461,0.5834997778011104
mas0M0kui0Tang2,i,297.8068432568605,2292.5405890643137,-1.5049433765453828,1.759114060427133
mas0M0kui0Tang2,a,565.9628045573277,1505.5428572450905,0.5811617706332656,-0.03137805486553629
mas0M0kui0Tang2,a,509.8280414106989,1147.6201239605725,0.14446434362874977,-0.8456851435893172
mas0M0kui0Tang2,a,626.4239674012127,1282.8669472009854,1.0515161957273587,-0.5379862000732191
mas0M0kui0Tang2,ā,690.2300518547007,1289.7552923760386,1.5478922619323239,-0.5223145821959515
mas0M0kui0Tang2,a,678.7254965405593,1238.1522419573269,1.458393181097271,-0.6397162609608619
mas0M0kui0Tang2,ā,706.4242062212066,1191.2562082360482,1.6738738310696972,-0.7464090444614578
mas0M0kui0Tang2,a,565.9983182951721,1292.0325421205255,0.5814380478823469,-0.517133629891768
mas0M0kui0Tang2,a,541.2032688970825,1348.2176566680894,0.38854626981761836,-0.38930733443131726
mas0M0kui0Tang2,u,370.2641394726952,1178.460049892728,-0.9412656650618997,-0.7755214798515694
mas0M0kui0Tang2,a,518.8102052462372,1485.2516286836837,0.21434061309240982,-0.07754246332554153
mas0M0kui0Tang2,a,571.4268062057881,1229.669290268231,0.6236686830575396,-0.6590157551012386
mas0M0kui0Tang2,a,679.1510840359168,1171.1194527287664,1.4617040165541242,-0.7922220125370079
mas0M0kui0Tang2,a,586.7962677979252,1422.5948728280484,0.7432345982854921,-0.22009233709709963
mas0M0kui0Tang2,a,640.2909976094021,1186.2573363371864,1.1593940253049448,-0.757781937112089
mas0M0kui0Tang2,i,336.40524253956096,2383.248422318586,-1.204669166619184,1.96548271140358
mas0M0kui0Tang2,a,516.9176507250583,1682.6320623246668,0.19961758508736108,0.37151615000780336
mas0M0kui0Tang2,i,302.51050098543755,2239.5196391346494,-1.4683515195135095,1.6384865300593605
mas0M0kui0Tang2,i,301.3344954743205,2392.2509377732545,-1.4775001923155395,1.985964260825741
mas0M0kui0Tang2,a,680.4401952689167,1258.985632086151,1.471732589349616,-0.5923183851445636
mas0M0kui0Tang2,ā,573.0821832202565,1006.1177397769894,0.6365466011677933,-1.1676160627422294
mas0M0kui0Tang2,i,337.6342849591795,2294.261433567381,-1.195107895986851,1.7630291397085744
mas0M0kui0Tang2,u,296.2422710066742,1094.4516057528526,-1.5171148837847441,-0.966648405341874
mas0M0kui0Tang2,u,408.67245681682283,1101.389683365585,-0.6424701875439587,-0.9508636416016155
mas0M0kui0Tang2,a,606.373390697202,1212.3730045061827,0.8955337925643371,-0.6983663936465474
mas0M0kui0Tang2,i,323.47647602297957,2043.4660298728886,-1.3052478233311666,1.1924465640401367
mas0M0kui0Tang2,ā,626.0943964053776,1234.7587012669042,1.048952315560614,-0.6474368776837095
mas0M0kui0Tang2,ā,640.6167688892501,1186.1263892136355,1.161928345781723,-0.7580798538439404
mas0M0kui0Tang2,ā,557.1791985599192,1588.668028749188,0.5128301713910931,0.1577393442613842
mas0M0kui0Tang2,a,635.8436032591974,1205.7017268063505,1.124795755699073,-0.7135441630828908
mas0M0kui0Tang2,i,342.88086811169404,2292.3757455512,-1.1542923792760456,1.7587390262960878
mas0M0kui0Tang2,a,581.6839259535524,1374.370436565564,0.7034634047458749,-0.32980735837526287
mas0M0kui0Tang2,a,670.199003635245,1472.3497874818033,1.3920617795841495,-0.10689533692445972
mas0M0kui0Tang2,i,314.7112960558977,2334.0242149209867,-1.3734360782429726,1.8534931189771842
mas0M0kui0Tang2,ā,573.4877743418782,1584.9637093807112,0.6397018758906136,0.14931167750502433
mas0M0kui0Tang2,i,336.1953142302838,2248.6344684372407,-1.2063022928208083,1.6592236038000978
mas0M0kui0Tang2,a,656.6647323350487,1561.7941043859937,1.2867726303676759,0.09659869831817128
mas0M0kui0Tang2,a,540.1714347567912,1406.3045705131117,0.3805191705853011,-0.25715427091386456
mas0M0kui0Tang2,ā,668.5445284416111,1272.8672567017188,1.3791908771414776,-0.5607364142992703
mas0M0kui0Tang2,a,683.1910958385544,1274.708316968186,1.4931330751335874,-0.5565478331158557
mas0M0kui0Tang2,ā,554.4356277019541,956.4757471103438,0.491486706712203,-1.2805561550237945
mas0M0kui0Tang2,i,359.9616428040544,2344.2624751037124,-1.0214133941111176,1.8767861011425966
mas0M0kui0Tang2,a,375.2534863689705,1886.4746204866537,-0.9024513042291106,0.8352766900876852
mas0M0kui0Tang2,o,473.4740328582257,1042.4326788105282,-0.13834974707466222,-1.0849962413907992
mas0M0kui0Tang2,i,392.60934151265036,2178.404528264541,-0.7674323452123883,1.4994440402097178
mas0M0kui0Tang2,ā,656.8187004659258,1249.922181769813,1.2879704173151165,-0.6129385669730898
mas0M0kui0Tang2,a,635.1800361244547,1244.830596957562,1.1196335701986198,-0.6245223900161447
mas0M0kui0Tang2,i,348.2048182379397,2121.2336489201866,-1.112874990276668,1.3693750393070203
mas0M0kui0Tang2,a,351.3733955192277,1322.5834621853426,-1.0882252105601478,-0.44762748104360756
mas0M0kui0Tang2,a,504.40519324207673,1445.061963184602,0.10227758252872222,-0.16897764322881084
mas0M0kui0Tang2,ā,607.0110184215315,1401.6872303124824,0.9004941837906097,-0.2676591439123419
mas0M0kui0Tang2,a,701.4368428734177,1213.3798522146542,1.6350749011476629,-0.6960757226440384
mas0M0kui0Tang2,ā,644.8992156283284,1209.3194338590147,1.1952434141530712,-0.705313547299208
mas0M0kui0Tang2,o,440.50643264178893,912.6572031791658,-0.39481945286865705,-1.3802473666248993
mas0M0kui0Tang2,i,367.16869169869767,2258.8298597882685,-0.9653465376363618,1.6824190554364586
mas0M0kui0Tang2,a,526.6931199090209,1497.7208473005785,0.27566533163699247,-0.04917384583816737
mas0M0kui0Tang2,i,380.1056529906892,2354.6673219764043,-0.8647041301016112,1.9004580833264815
mas0M0kui0Tang2,a,686.9336344960132,1396.8795086849748,1.5222479570813052,-0.27859715214100056
mas0M0kui0Tang2,ā,715.1713692556996,1540.6969163955648,1.741921924205394,0.048600658140354025
mas0M0kui0Tang2,i,312.7239103526048,2432.192976223572,-1.3888968404239157,2.0768360664517798
mas0M0kui0Tang2,i,299.22104611238666,2401.255156837093,-1.4939416600750104,2.006449686115219
mas0M0kui0Tang2,a,495.81428048578266,1866.5493816780106,0.03544503018510011,0.7899449419265686
mas0M0kui0Tang2,i,332.68673512752525,2352.001836386136,-1.2335970987615457,1.8943938588187823
mas0M0kui0Tang2,i,327.74732638638767,2113.9060982910537,-1.272022968352267,1.35270418868647
mas0M0kui0Tang2,i,305.04959820808085,2392.686664538792,-1.4485987466881158,1.9869555792331184
mas0M0kui0Tang2,a,666.4205491803193,1380.8186123826347,1.3626674925857387,-0.31513716621117926
mas0M0kui0Tang2,a,525.0845936663426,1166.5993402041142,0.26315188663301126,-0.8025056836435522
mas0M0kui0Tang2,a,544.2249376684865,1683.4607023875826,0.41205318253559414,0.37340138225064196
mas0M0kui0Tang2,a,550.4059245701203,1219.9063018735164,0.4601378438931471,-0.6812274503014548
mas0M0kui0Tang2,a,510.1457682159091,1508.8204846743083,0.14693608253968474,-0.02392115145704027
mas0M0kui0Tang2,ā,697.4208116890509,1307.0551864084212,1.6038323985222958,-0.4829557345042598
mas0M0kui0Tang2,a,686.7792311851255,1224.093185464345,1.5210467846739413,-0.6717019056220596
the0M0kui0Tang2,ā,889.1757772429357,1290.560082471389,2.750512402895408,-0.39672939159904663
the0M0kui0Tang2,o,366.9466166266365,809.9533577266604,-0.41084208666082084,-1.4735056205145756
the0M0kui0Tang2,a,320.49635172844967,1456.7748569969801,-0.6920323467061652,-0.02433319136116398
the0M0kui0Tang2,i,276.87907647903006,2267.851881296554,-0.9560728854789033,1.7928458338578397
the0M0kui0Tang2,a,422.3532084654674,1270.080526715887,-0.07543401091494374,-0.4426128503209104
the0M0kui0Tang2,a,450.12618058344117,1393.6767738806277,0.09269181719825575,-0.1657014088489901
the0M0kui0Tang2,i,415.2802590583806,2029.2388340132165,-0.11825065550083796,1.258244788980111
the0M0kui0Tang2,i,279.9097850410466,2071.057095536537,-0.9377262575200961,1.3519365906643281
the0M0kui0Tang2,a,334.19429082261433,1156.85810040077,-0.6091108162387727,-0.6962822456066559
the0M0kui0Tang2,a,321.1543570508293,1297.7527812134886,-0.6880490607525395,-0.3806144963458496
the0M0kui0Tang2,a,319.65301957988765,1545.224629349694,-0.6971375228914577,0.17383426535301053
the0M0kui0Tang2,a,374.444301784123,1193.3472131777476,-0.36545427146121273,-0.6145301451271288
the0M0kui0Tang2,i,337.84860899512915,2250.357787708287,-0.5869891194202476,1.7536511593924031
the0M0kui0Tang2,ā,598.7121130604615,1274.8868157064408,0.9921682159630824,-0.43184459122700025
the0M0kui0Tang2,a,312.825288515754,1253.6696201250613,-0.73846971933106,-0.4793806964665088
the0M0kui0Tang2,u,394.86217309313815,1233.2096010662215,-0.24185311320003666,-0.525220384160057
the0M0kui0Tang2,u,378.6745628557682,1211.0027257133959,-0.339846059895512,-0.5749738192812851
the0M0kui0Tang2,a,442.48356232533376,1291.1488463273874,0.04642663829917043,-0.3954102945245717
the0M0kui0Tang2,a,325.2361270490747,1557.292293138354,-0.6633397513488655,0.20087128509732544
the0M0kui0Tang2,o,414.66566082922196,1168.0954744609205,-0.12197117326880585,-0.6711054500263837
the0M0kui0Tang2,a,260.71033254814756,1033.5919905558846,-1.053951623533396,-0.9724540303072583
the0M0kui0Tang2,a,245.88194401303733,1260.6585289105826,-1.1437164168533114,-0.4637223827999547
the0M0kui0Tang2,a,323.42883369831327,1295.3737521527946,-0.6742803409965827,-0.38594459642261214
the0M0kui0Tang2,ā,634.4490713736318,1410.7715126400362,1.2085046485611712,-0.12740146965144988
the0M0kui0Tang2,a,324.304329655958,1299.036058990224,-0.6689804587130616,-0.3777393742679837
the0M0kui0Tang2,a,516.6515996976957,1325.4432190393154,0.49540857115788584,-0.3185754034993012
the0M0kui0Tang2,ā,488.85459233561886,1091.4907613448331,0.3271372438413038,-0.8427346217782117
the0M0kui0Tang2,o,321.3629900735482,874.1637339882625,-0.6867860846631465,-1.3296453637840056
the0M0kui0Tang2,i,207.97947438603953,2421.7313701386593,-1.3731619391584444,2.137605420380185
the0M0kui0Tang2,a,885.7620799380959,2062.361531701426,2.7298473230520965,1.332454598522753
the0M0kui0Tang2,i,280.9341346074754,2331.0507144776593,-0.9315252784386463,1.934439777015329
the0M0kui0Tang2,a,217.9614932178032,1540.545907114218,-1.312735018510448,0.16335181343239918
the0M0kui0Tang2,i,911.5142808694436,2058.1441827306935,2.8857402569782553,1.323005831189882
the0M0kui0Tang2,i,315.3938578260152,2289.2156317241293,-0.7229206869653686,1.8407102881746524
the0M0kui0Tang2,i,307.7375117012007,2015.3623490211312,-0.7692689685640339,1.2271551924116966
the0M0kui0Tang2,ā,631.7167000710419,1291.0369351320408,1.1919640282051898,-0.3956610261699994
the0M0kui0Tang2,a,479.5567241303149,1279.9028642054536,0.2708518817610798,-0.4206063760528508
the0M0kui0Tang2,a,240.38497500434053,873.4014992763899,-1.1769927425837374,-1.3313531139596497
the0M0kui0Tang2,a,384.7023732959138,1320.5879659696775,-0.3033562446300077,-0.32945336425511895
the0M0kui0Tang2,a,458.70367316127385,1361.9467213296105,0.14461632987400438,-0.23679106400794167
the0M0kui0Tang2,a,480.7419159804823,1461.69316293159,0.2780265320086656,-0.01331396369693401
the0M0kui0Tang2,a,380.56408062177127,2356.4979199316044,-0.3284077184103284,1.9914530157287313
the0M0kui0Tang2,a,201.72740339465003,1128.636654263231,-1.411009332962207,-0.7595110370112336
the0M0kui0Tang2,ā,558.0734571706855,1823.189789328387,0.7461589791463201,0.7966018241938351
the0M0kui0Tang2,a,611.1728347692087,1168.8830923328237,1.0676001555938952,-0.6693408301027136
the0M0kui0Tang2,a,302.3774528577334,1201.8076970290736,-0.8017164980529724,-0.5955748383717556
the0M0kui0Tang2,a,279.1314783452205,1380.9212702855118,-0.942437797113553,-0.19427950056496127
the0M0kui0Tang2,a,376.5213886590713,1398.2198390445244,-0.35288046591276945,-0.15552289006630662
the0M0kui0Tang2,a,513.9418333323304,1186.8613077006135,0.47900479153231584,-0.6290615040973565
the0M0kui0Tang2,ā,638.0464768033579,1468.1361695743426,1.2302818197030456,0.0011212825001427377
the0M0kui0Tang2,i,310.72041602765415,2169.085506250377,-0.7512117272310879,1.5715645254817114
the0M0kui0Tang2,a,248.74302497716707,1312.464720546897,-1.1263966426372156,-0.3476531045470233
the0M0kui0Tang2,ā,622.113422345437,1266.890995952153,1.1338298460456406,-0.44975884044330766
the0M0kui0Tang2,a,636.7465151923828,1431.3179347018433,1.2224124018592455,-0.08136820018945795
the0M0kui0Tang2,ā,700.372037943539,1722.959497839626,1.607574409592315,0.5720406815055045
the0M0kui0Tang2,i,239.48458935025602,2467.6625123570343,-1.182443296563743,2.2405119332550387
the0M0kui0Tang2,a,582.7923017291616,1220.6183714447661,0.8957964105937705,-0.5534304279466924
the0M0kui0Tang2,ā,423.4543227845243,916.0487130263592,-0.06876833048461842,-1.2358040847199168
the0M0kui0Tang2,a,292.3044544274058,1711.9249827565059,-0.862694170715733,0.5473183816970186
the0M0kui0Tang2,o,383.32878109984296,1094.5274971685112,-0.3116713908978708,-0.8359309613629947
the0M0kui0Tang2,i,315.68936175666084,2082.1229731810167,-0.7211318311367787,1.3767291567816509
the0M0kui0Tang2,ā,396.6229201534932,1163.4569739209596,-0.23119429511018236,-0.6814977871745886
the0M0kui0Tang2,a,1111.2619715548176,2412.8607585664495,4.094928303814772,2.1177312422109726
the0M0kui0Tang2,a,454.33435296623577,1426.8682717746362,0.11816631318288122,-0.0913374557575072
the0M0kui0Tang2,a,955.6339227249862,1540.8890663605878,3.1528219107354496,0.16412064520315706
the0M0kui0Tang2,a,455.9544646468322,1401.9974770014323,0.12797378415786795,-0.14705927409087888
the0M0kui0Tang2,ā,443.1979430964374,1494.3159820436767,0.05075119737839914,0.05977589196158587
the0M0kui0Tang2,i,371.1463281486061,2142.1909997865678,-0.38541880914956284,1.5113086785331977
the0M0kui0Tang2,a,556.9356278923107,1304.8382095694726,0.739271041878907,-0.3647399352284204
the0M0kui0Tang2,a,305.03366133770265,901.6040369658878,-0.785636935216155,-1.2681666860225975
the0M0kui0Tang2,a,669.6707823136325,1238.1565841978722,1.421721991458334,-0.5141369066164647
the0M0kui0Tang2,a,531.9472545259839,1244.5833768390653,0.5880019970114825,-0.4997379871092906
the0M0kui0Tang2,ā,587.6625415387174,1266.0602740055213,0.9252787827940984,-0.4516200329712452
the0M0kui0Tang2,a,463.8231021751069,1278.1632936897945,0.17560718813581777,-0.4245038000449495
the0M0kui0Tang2,a,367.9546172267599,1159.9853960669661,-0.4047400773074656,-0.6892756902241043
the0M0kui0Tang2,a,316.8602142702745,2271.158613566848,-0.714043985168636,1.8002544083132466
the0M0kui0Tang2,ā,552.8766775403038,1265.4305449180463,0.7146998729632159,-0.45303091067465207
the0M0kui0Tang2,a,237.3745995853435,1079.5125532566394,-1.195216282293517,-0.8695712203323025
the0M0kui0Tang2,o,421.62426576310133,1030.143469137001,-0.07984672176784714,-0.9801802765239178
the0M0kui0Tang2,a,422.30998203275243,1051.8492111544235,-0.07569568545829874,-0.9315496065145714
the0M0kui0Tang2,i,328.93448806269504,2184.7376820077775,-0.640951437795845,1.6066324717226397
the0M0kui0Tang2,a,524.3962901705503,1321.4890361873308,0.5422916520790818,-0.3274345598127379
the0M0kui0Tang2,ā,409.7245952205226,1103.9620303001923,-0.15188229490517607,-0.8147933440886922
the0M0kui0Tang2,o,376.0825247881038,918.5551004404981,-0.35553716219367004,-1.2301886443836807
the0M0kui0Tang2,i,302.65366903241755,2138.1204440121555,-0.8000444021422511,1.5021887942896097
the0M0kui0Tang2,a,309.71025425231977,1509.330719548758,-0.7573268194252172,0.0934156884864165
the0M0kui0Tang2,i,253.61653560764796,1019.7112791195887,-1.0968944702702252,-1.0035530960204528
the0M0kui0Tang2,a,616.5322582054683,1298.9688633880949,1.1000438385963094,-0.3778899227795528
the0M0kui0Tang2,ā,526.0368306038512,887.6690789408225,0.552222790083696,-1.2993872886063331
the0M0kui0Tang2,i,282.1804787192438,2231.1132877045184,-0.9239804382603976,1.7105347836229434
the0M0kui0Tang2,a,255.82483604271832,1011.3823160385942,-1.0835263533185409,-1.0222137368217095
the0M0kui0Tang2,a,335.7844313554004,1250.3068343875946,-0.5994847779179405,-0.48691485601653106
the0M0kui0Tang2,o,296.4901013018784,898.3604891565946,-0.8373560346325334,-1.2754336987350248
the0M0kui0Tang2,a,384.39014198538024,1094.0776162616287,-0.30524636094249086,-0.8369388978762247
the0M0kui0Tang2,o,397.76830615972074,1007.5373356697781,-0.22426061260806202,-1.0308282302289482
the0M0kui0Tang2,a,380.39080092890043,1046.013377507109,-0.32945668039161585,-0.9446245108465309
the0M0kui0Tang2,u,241.75593983285583,707.8893090028423,-1.1686935012879514,-1.70217520800538
the0M0kui0Tang2,a,514.342079214104,1057.733627154817,0.48142771083804436,-0.9183658557594414
the0M0kui0Tang2,a,542.5117894053597,1065.1658712681995,0.6519552234678021,-0.9017142706343305
the0M0kui0Tang2,a,561.8149610043175,1260.62652689017,0.7688084610867493,-0.46379408178601417
the0M0kui0Tang2,a,267.72982092144224,972.1852885928117,-1.0114586094376026,-1.1100327897494142
the0M0kui0Tang2,a,415.3199846052832,1179.880902581504,-0.11801017383967899,-0.6447007657087075
the0M0kui0Tang2,a,327.10875839984226,1436.4467351953788,-0.652003633080314,-0.06987736959980594
the0M0kui0Tang2,a,597.0973944206884,1237.4636418497332,0.9823933921765423,-0.5156894105871099
the0M0kui0Tang2,a,522.9108237182381,1293.4245028888133,0.5332992663751502,-0.3903117955557516
the0M0kui0Tang2,i,283.5284371793794,2216.8160369190005,-0.9158204677894725,1.6785024815512932
the0M0kui0Tang2,ā,574.4807295222084,1408.5761179518138,0.8454816673865675,-0.13232014575740939
the0M0kui0Tang2,i,281.3993552984117,2015.7775046002384,-0.9287090291158581,1.2280853284998292
the0M0kui0Tang2,a,575.0008464782222,1227.6368333334558,0.8486302354827038,-0.537705901975266
the0M0kui0Tang2,ā,513.5835005813002,868.3247186757615,0.47683559659519786,-1.3427273964836401
the0M0kui0Tang2,i,264.5708895953331,2401.5070994602893,-1.0305814437852854,2.092293915583433
the0M0kui0Tang2,a,280.75714881820795,1818.947411074602,-0.9325966755602242,0.7870969799572713
the0M0kui0Tang2,o,309.42734762290956,1288.8253504248573,-0.7590394165194807,-0.400615975234004
the0M0kui0Tang2,i,305.140213876459,2305.7797889835474,-0.7849919112072057,1.8778214850652775
the0M0kui0Tang2,a,374.7190841832887,1602.0779422877204,-0.36379085502114195,0.30121137589859903
the0M0kui0Tang2,i,884.638233415933,2308.820904464522,2.7230440314775337,1.8846349578918167
the0M0kui0Tang2,a,550.1855476055573,1353.7946708686334,0.6984089104073334,-0.2550553406011632
the0M0kui0Tang2,a,335.2467425200458,1258.3819551422969,-0.602739718740522,-0.46882293672658726
the0M0kui0Tang2,ā,580.5445477051605,1213.164837306658,0.8821894582994788,-0.5701297123472343
the0M0kui0Tang2,a,670.2085552154017,1315.6498972659028,1.4249774411834382,-0.3405168694522226
the0M0kui0Tang2,ā,794.9281711333111,1238.9877518451206,2.1799772524779772,-0.5122747155177529
the0M0kui0Tang2,a,413.7233859184895,1313.913482567689,-0.12767530709374358,-0.3444072229872658
the0M0kui0Tang2,a,424.4651748890086,1385.250188630329,-0.06264905932975326,-0.18458076742074395
the0M0kui0Tang2,u,942.5019193593655,1998.8329761975892,3.0733263158364985,1.190121928375023
the0M0kui0Tang2,a,473.5143522532762,1359.7969048950338,0.23427391771460332,-0.24160762423088408
the0M0kui0Tang2,a,550.8425878353247,1234.850028393278,0.702386354098419,-0.5215450857089665
the0M0kui0Tang2,a,416.826304660856,1543.6998587509795,-0.10889154924052044,0.1704180902337026
the0M0kui0Tang2,a,605.3311227565043,1429.7048071278132,1.0322369015077708,-0.08498233485818618
the0M0kui0Tang2,a,387.85303190554447,1140.9011159721565,-0.2842834898093837,-0.7320331010010167
the0M0kui0Tang2,i,357.23475308858787,2140.866778887292,-0.4696336014083588,1.5083418253604077
the0M0kui0Tang2,a,481.27550834220324,1332.2009766651624,0.28125667451225284,-0.3034349728776747
the0M0kui0Tang2,i,248.449534510942,1083.5242367447436,-1.1281733098036903,-0.8605832366118961
the0M0kui0Tang2,i,319.5498695874897,2213.137982716756,-0.6977619493236779,1.6702619781839234
the0M0kui0Tang2,a,599.0889919275223,1287.014747148555,0.9944496812435646,-0.40467254470658987
the0M0kui0Tang2,ā,656.1319002460319,1035.6316895947662,1.339763324965122,-0.9678841828079833
the0M0kui0Tang2,i,299.8847574318788,2320.2313878897567,-0.8168062220092558,1.9101995966705467
the0M0kui0Tang2,u,261.6695245829976,1131.0298256858136,-1.0481450805932409,-0.7541492516535161
the0M0kui0Tang2,u,361.6986041420979,1259.1719471551205,-0.44261133487680304,-0.46705299765448327
the0M0kui0Tang2,a,788.6370868550803,1541.6327424690608,2.1418936887342546,0.16578681572135243
the0M0kui0Tang2,i,224.67372066328275,1294.3531050855543,-1.272102032132117,-0.38823130703969827
the0M0kui0Tang2,ā,545.4990457292929,1038.7013899476913,0.6700388099530469,-0.9610066669520014
the0M0kui0Tang2,ā,535.9005246486946,1179.1069727222955,0.6119334225107999,-0.6464347182989177
the0M0kui0Tang2,ā,364.3275220571842,1829.4463177347377,-0.42669697757870656,0.8106192748798852
the0M0kui0Tang2,a,461.4731415494688,1282.820101448744,0.16138152029801614,-0.41407044645396596
the0M0kui0Tang2,i,330.55033059657467,2012.427070328172,-0.6311698104296752,1.2205788418133994
the0M0kui0Tang2,a,472.26990559612676,1218.5879108127733,0.2267405639241912,-0.5579795772400984
the0M0kui0Tang2,a,639.2605772777661,1350.5610636023728,1.2376314705364326,-0.262300082005494
the0M0kui0Tang2,ā,449.75303941634513,1392.5728448362847,0.09043297837270035,-0.168174708726326
the0M0kui0Tang2,i,240.09623209598251,2118.537310411616,-1.17874067004261,1.4583137262494406
the0M0kui0Tang2,a,439.1349965930924,1224.581553816181,0.026155837452464612,-0.5445511086432364
the0M0kui0Tang2,a,524.6766487681844,1267.5163425502517,0.543988824466526,-0.44835778149636185
the0M0kui0Tang2,ā,267.25703801381763,1110.0079020694855,-1.0143206372221878,-0.801247859456316
the0M0kui0Tang2,a,492.1078068110659,1375.1201687692435,0.34683082850307717,-0.2072765892294225
the0M0kui0Tang2,ā,584.5829366361187,1022.2004897655617,0.9066361570674915,-0.9979761394063503
the0M0kui0Tang2,i,264.97723945083345,2389.5277839927626,-1.028121573603964,2.065454835999259
the0M0kui0Tang2,a,313.48665846837605,1345.8462474552289,-0.7344660653288363,-0.27286340059752606
the0M0kui0Tang2,o,423.98908769319786,1059.7590128337954,-0.06553108987764598,-0.9138280766539404
the0M0kui0Tang2,i,299.01349667431873,2218.847050358939,-0.8220804661825154,1.6830528693842883
the0M0kui0Tang2,ā,781.01832769471,1404.7828006051195,2.0957729427229443,-0.14081889065079972
the0M0kui0Tang2,a,534.8051998997345,1105.226766975673,0.6053027896894524,-0.8119597624555626
the0M0kui0Tang2,a,424.4935239458076,1412.0196259031904,-0.06247744612860515,-0.1246051319733359
the0M0kui0Tang2,a,426.39295353679796,1364.01580430778,-0.05097910264662335,-0.23215538320732446
the0M0kui0Tang2,ā,472.4522110307575,1279.8824544881445,0.22784416392913964,-0.42065210304189576
the0M0kui0Tang2,a,520.4943207204952,1222.4499048663486,0.5186707791571538,-0.5493269654912476
the0M0kui0Tang2,ā,532.8295810154235,1278.466626730099,0.5933432284458828,-0.4238241969715258
the0M0kui0Tang2,o,359.1578387621685,658.742302601589,-0.45799205400644655,-1.8122867097604525
the0M0kui0Tang2,i,304.3851551187469,2226.16568989173,-0.7895627176147888,1.6994499289158547
the0M0kui0Tang2,a,218.38796578575705,1659.3989574526393,-1.3101533339377551,0.4296363507669271
the0M0kui0Tang2,i,333.80965411666057,2336.7487753289174,-0.6114392441951512,1.947206008030527
the0M0kui0Tang2,a,508.8909165440802,1267.2646662997897,0.4484286773106099,-0.4489216500190588
the0M0kui0Tang2,i,347.39519912052646,2345.348171439553,-0.5291981000193751,1.966472541015223
the0M0kui0Tang2,i,329.26284076824646,2441.7929823568975,-0.638963729375603,2.182552496727887
the0M0kui0Tang2,a,291.67494038345336,2115.3136915073633,-0.8665049825186187,1.4510913632893179
the0M0kui0Tang2,i,304.65696117064226,2035.1746488316799,-0.7879173187224063,1.2715436963126305
the0M0kui0Tang2,i,312.5323713085402,2120.8043265758606,-0.7402429162299096,1.463392866824351
the0M0kui0Tang2,i,261.91089778016374,1253.0464999360868,-1.0466839093334455,-0.48077676725099805
the0M0kui0Tang2,a,464.6509674449246,1276.4073513544688,0.18061873437807915,-0.42843790431082174
the0M0kui0Tang2,a,268.8259193180706,973.5160333853313,-1.0048232932804444,-1.1070513201078913
the0M0kui0Tang2,a,435.7130939610452,1505.046937186362,0.0054410860282427575,0.08381808033782949
the0M0kui0Tang2,a,442.5597212108104,1177.91249280637,0.046887671984529866,-0.649110893044639
the0M0kui0Tang2,a,330.69001501403557,2262.9489475390665,-0.6303242200383996,1.7818610468163887
the0M0kui0Tang2,ā,727.7933380041894,1279.312934788846,1.7735713637913144,-0.4219280845097571
the0M0kui0Tang2,a,490.8670476727823,1016.0180775520314,0.3393197973924401,-1.0118275363305658
wun0F0kui0Tang2,ā,899.3404721573999,1404.065903318405,1.24244947453045,-0.037633097866763464
wun0F0kui0Tang2,o,488.53175664258345,1006.4484754489627,-0.33614138364743124,-0.8038463498348009
wun0F0kui0Tang2,i,310.1680994216093,820.7945472318825,-1.0215290789093348,-1.1616035559061544
wun0F0kui0Tang2,a,679.2340591003417,1450.9794826095194,0.39665930904486635,0.052769896646615924
wun0F0kui0Tang2,i,252.03269233894744,1002.0875316121972,-1.2449226406601681,-0.8122499376169622
wun0F0kui0Tang2,a,406.17312784498876,1193.0490052535256,-0.6526161165386801,-0.4442650318663667
wun0F0kui0Tang2,a,800.4783320425634,1395.9915252860749,0.8625576545392233,-0.053192515075715124
wun0F0kui0Tang2,i,1068.0007301460723,2160.43887579575,1.8905504795570554,1.4199061202906718
wun0F0kui0Tang2,i,329.9294236964444,1952.4788359142394,-0.945593382640938,1.0191647863636921
wun0F0kui0Tang2,a,861.5608577142995,1207.1298564486124,1.0972759382031458,-0.4171310733714488
wun0F0kui0Tang2,a,353.1801631088839,1176.3815062693234,-0.856249112920766,-0.4763834897199114
wun0F0kui0Tang2,a,586.6456021810014,1276.876960688515,0.04087500811419219,-0.28272761967636345
wun0F0kui0Tang2,a,803.0515072116413,1300.2949479403826,0.8724454457300852,-0.2376008950683789
wun0F0kui0Tang2,i,289.01817082552583,808.4946909711824,-1.102800684578782,-1.1853055171475133
wun0F0kui0Tang2,ā,986.624651872916,1440.6335809385698,1.5778513366593943,0.03283322785843911
wun0F0kui0Tang2,a,803.543880608185,1356.6349538011075,0.8743374604640468,-0.12903307062025468
wun0F0kui0Tang2,u,253.704536270721,966.8183701745705,-1.2384983428122254,-0.8802140080655614
wun0F0kui0Tang2,u,285.08533395544896,1076.7664263068616,-1.1179131690401405,-0.6683428682916064
wun0F0kui0Tang2,a,560.361886319531,1470.0013282361008,-0.060123904544869426,0.08942520693840354
wun0F0kui0Tang2,a,361.6574157023021,1164.3622593506946,-0.8236740653596047,-0.49954471360558395
wun0F0kui0Tang2,o,530.9152983767218,1019.1345024214783,-0.17327660256588565,-0.7794002332919489
wun0F0kui0Tang2,a,308.1734576571415,1108.894981390045,-1.0291937732933931,-0.6064307815824614
wun0F0kui0Tang2,a,496.17327003762716,1379.7916838901608,-0.3067777827001072,-0.08440979150104677
wun0F0kui0Tang2,a,970.1688070927444,1589.4739830910655,1.5146174150006988,0.3196503554893245
wun0F0kui0Tang2,ā,1040.5833411178526,1262.491253526582,1.785195266679413,-0.3104490390453951
wun0F0kui0Tang2,a,478.87625257654474,1835.5013220458222,-0.37324402990128935,0.7937478025344873
wun0F0kui0Tang2,a,958.2546661159146,1448.6722380060414,1.4688356355038912,0.048323810366672826
wun0F0kui0Tang2,ā,563.5969737692337,1117.9118076862205,-0.0476926213694214,-0.5890552559777534
wun0F0kui0Tang2,o,338.89214644886306,784.198954199752,-0.9111528470169057,-1.2321236749439306
wun0F0kui0Tang2,i,333.309438895175,3162.0070726853032,-0.9326051939981242,3.3499392914183943
wun0F0kui0Tang2,a,353.6137938090287,1971.7174735840053,-0.8545828253440381,1.0562378573590268
wun0F0kui0Tang2,i,254.33336488140606,847.1490379659847,-1.2360819795300002,-1.1108181560871897
wun0F0kui0Tang2,a,373.97689232248166,990.0048492153745,-0.7763347260620426,-0.8355334023820082
wun0F0kui0Tang2,i,274.12676717383886,2178.7942235473115,-1.1600230189212528,1.4552770816871279
wun0F0kui0Tang2,i,305.5747506525861,779.0271873883157,-1.0391796741897097,-1.2420897277103906
wun0F0kui0Tang2,i,1032.938608695305,2494.091029151478,1.7558192961615373,2.062857569422758
wun0F0kui0Tang2,ā,378.7635890234325,914.596556897903,-0.7579411638818394,-0.9808460291235551
wun0F0kui0Tang2,a,874.7687621325794,1372.192753937914,1.1480291875451305,-0.09905301491654599
wun0F0kui0Tang2,a,312.2249165509512,1090.0358503714122,-1.0136254668517037,-0.6427725389961294
wun0F0kui0Tang2,a,260.9891991716309,1607.752056220966,-1.210505990590893,0.35487240782142004
wun0F0kui0Tang2,a,749.677022612591,1313.7185195690058,0.6673464050672588,-0.21173352168460843
wun0F0kui0Tang2,a,784.4724664247941,1053.4815257704233,0.8010528417463143,-0.7132131333033171
wun0F0kui0Tang2,a,360.1649198413288,2654.997844300814,-0.8294091927632389,2.3729268105020864
wun0F0kui0Tang2,a,375.98332569992357,948.7273231526627,-0.7686247207297469,-0.9150756589857371
wun0F0kui0Tang2,a,859.3892812151722,1123.5363062944823,1.0889313469617934,-0.5782167839509664
wun0F0kui0Tang2,ā,928.7789768793456,1684.0403599549743,1.3555711116268125,0.5018808264522877
wun0F0kui0Tang2,a,763.5957087798874,1449.9571475079028,0.7208309342696306,0.05079984541669869
wun0F0kui0Tang2,a,835.6941562590874,1220.1890656588841,0.9978794626506657,-0.3919658304625821
wun0F0kui0Tang2,a,362.8279361648334,1138.21780178283,-0.8191761741716186,-0.5499253771528352
wun0F0kui0Tang2,a,445.7829117972245,1017.8937799403707,-0.500409893837095,-0.781791119456404
wun0F0kui0Tang2,a,714.8173219016345,1291.6881345511256,0.5333930521249495,-0.2541863211936895
wun0F0kui0Tang2,ā,824.1377705489114,1744.310850565614,0.9534724085968102,0.6180227391846704
wun0F0kui0Tang2,i,336.7388129055876,2695.802916241493,-0.9194273371083891,2.451558642703173
wun0F0kui0Tang2,a,353.80291591206105,756.7374453648972,-0.853856096792157,-1.2850423110838234
wun0F0kui0Tang2,ā,994.4499170000853,1369.8419452160904,1.607921029745353,-0.10358304974211881
wun0F0kui0Tang2,a,790.3324258863815,1431.126812926704,0.8235705685763364,0.014513579061582883
wun0F0kui0Tang2,ā,423.0171614459832,974.8809157470008,-0.5878905241810566,-0.8646773921398109
wun0F0kui0Tang2,i,274.6308261205035,682.4095808785512,-1.158086100800637,-1.4282729412528377
wun0F0kui0Tang2,a,891.9659650979568,1406.1582439398328,1.214111883364653,-0.033601133975343006
wun0F0kui0Tang2,ā,768.387885976466,1054.703691359487,0.739245556032967,-0.7108580064783747
wun0F0kui0Tang2,i,310.78587609892645,2821.345057945938,-1.0191551842513642,2.6934797606225303
wun0F0kui0Tang2,a,349.109574345222,1956.1009419073866,-0.8718909286053862,1.026144625318069
wun0F0kui0Tang2,o,458.15467253861175,1065.049373235764,-0.45286964537512303,-0.6909217612370021
wun0F0kui0Tang2,i,334.8462428920999,2585.069267527168,-0.9266998062866765,2.238173657195072
wun0F0kui0Tang2,ā,972.383692503249,1470.929515394256,1.5231284268874659,0.09121383402322686
wun0F0kui0Tang2,a,627.8460215902015,1537.7258912129253,0.19919347356094608,0.21993120089002025
wun0F0kui0Tang2,a,674.4459715310339,1419.2369925122057,0.37826040225538315,-0.008398238496122238
wun0F0kui0Tang2,a,381.0521052468312,2115.4773480038148,-0.7491472151348617,1.3332647509535571
wun0F0kui0Tang2,a,499.8389007668418,1517.0608196915005,-0.2926920758003824,0.18010937583213565
wun0F0kui0Tang2,ā,496.3006438462673,868.3005888782836,-0.30628833074279266,-1.0700588797759876
wun0F0kui0Tang2,i,338.9819865433652,2283.535766886154,-0.9108076236890578,1.657115212796806
wun0F0kui0Tang2,a,862.181894470969,1449.2249206266108,1.099662360179229,0.049388835987611485
wun0F0kui0Tang2,a,383.6456214604285,1146.0557033009366,-0.7391812605903234,-0.5348216528443386
wun0F0kui0Tang2,a,1111.3908093560165,1537.4393730332536,2.0572830239009487,0.2193790771378735
wun0F0kui0Tang2,a,607.1533781154803,1525.402495512938,0.11967905094263884,0.1961838788846162
wun0F0kui0Tang2,ā,963.9913942277163,1585.3175936341765,1.490879828363319,0.3116409462959874
wun0F0kui0Tang2,a,787.3439540200875,1328.3470353410598,0.8120869408199447,-0.18354420739516647
wun0F0kui0Tang2,a,784.8743531502473,1371.124980104316,0.80259714859002,-0.1011106270936364
wun0F0kui0Tang2,a,338.0913196355345,3222.598819518304,-0.9142301378307579,3.466700268501576
wun0F0kui0Tang2,ā,900.2189806849999,1342.480251987489,1.2458252683686182,-0.1563093400870236
wun0F0kui0Tang2,a,366.2210380237942,1181.980725028651,-0.806137698177482,-0.4655937322461179
wun0F0kui0Tang2,o,465.84292106531353,1116.458241652038,-0.4233264580441491,-0.5918562940609409
wun0F0kui0Tang2,a,750.5950419212536,1212.5442623176075,0.6708740246954583,-0.4066974524142714
wun0F0kui0Tang2,i,365.38737503932964,2380.193503731709,-0.8093411666443764,1.8433757579473102
wun0F0kui0Tang2,a,907.5842967375504,1403.6344721243995,1.2741275417845475,-0.03846447062607796
wun0F0kui0Tang2,ā,892.0815162890347,1567.430447155025,1.214555905234195,0.2771722140131571
wun0F0kui0Tang2,o,345.8048562108435,793.7008405266696,-0.8845897775800163,-1.2138134332088306
wun0F0kui0Tang2,i,289.4970981423195,1343.5770686443295,-1.1009603383167152,-0.1541957620631589
wun0F0kui0Tang2,a,351.6239545818607,1216.5980283614736,-0.8622290652961647,-0.3988857996911214
wun0F0kui0Tang2,i,268.79415138490106,845.0380569510999,-1.1805143527627049,-1.1148860402262841
wun0F0kui0Tang2,a,906.0097040428486,1484.5192632404521,1.2680769456327716,0.11740143084576493
wun0F0kui0Tang2,ā,937.247314711926,1188.3962680000773,1.3881119029528215,-0.4532309088416788
wun0F0kui0Tang2,i,317.5350727982836,2695.07025105206,-0.9932204369899829,2.4501467886493717
wun0F0kui0Tang2,a,340.9293831497502,1136.7836469384495,-0.9033244755376523,-0.5526890096551293
wun0F0kui0Tang2,a,344.391973008441,879.1812964258052,-0.8900189820315106,-1.0490916340534557
wun0F0kui0Tang2,a,380.647753122503,1123.6825450112487,-0.7507009956240351,-0.5779349803003124
wun0F0kui0Tang2,o,625.2898940321054,967.7321037844465,0.18937119023745222,-0.8784532331307026
wun0F0kui0Tang2,a,642.8316525741064,1155.256012802152,0.2567778898155382,-0.5170925530415164
wun0F0kui0Tang2,o,308.2071690671237,1302.4975670159108,-1.0290642324107284,-0.233356423356587
wun0F0kui0Tang2,a,759.2897162417398,1280.7322815411953,0.7042845461347449,-0.27529837306677496
wun0F0kui0Tang2,a,711.0144175876658,1525.1346432089686,0.5187798519716053,0.19566772448471662
wun0F0kui0Tang2,u,305.54791099035316,870.5683321744062,-1.0392828094052913,-1.0656889129592377
wun0F0kui0Tang2,a,765.8452265552252,1202.0457690955327,0.729475025938929,-0.4269281668363052
wun0F0kui0Tang2,a,683.0562687148499,1165.270996458987,0.4113466925584828,-0.49779356698542787
wun0F0kui0Tang2,ā,589.9932182354238,1289.3407778742435,0.053738698441643515,-0.2587097038898657
wun0F0kui0Tang2,a,504.7245181435346,1160.8886081041103,-0.27391839686872366,-0.5062384785949849
wun0F0kui0Tang2,a,254.10767995584732,1124.374008202097,-1.2369492059223837,-0.5766025229608168
wun0F0kui0Tang2,a,520.6640255547701,1518.8317871521208,-0.21266857491277394,0.18352205003105693
wun0F0kui0Tang2,a,304.77714134066247,1010.873838801624,-1.0422446012972622,-0.7953186249215555
wun0F0kui0Tang2,a,491.1386948413321,1272.0748097381352,-0.326123853217917,-0.2919814185247885
wun0F0kui0Tang2,a,290.8675275510103,1170.7384490370903,-1.095694268599508,-0.4872577244236548
wun0F0kui0Tang2,a,1005.1826915945614,1389.918141292219,1.6491632410662393,-0.06489599428516006
wun0F0kui0Tang2,a,880.5401028873678,1326.0529055035154,1.170206384403092,-0.18796502137377058
wun0F0kui0Tang2,i,327.954947208223,2858.1658857628186,-0.9531805890858825,2.7644339096217303
wun0F0kui0Tang2,ā,885.0308398729396,1400.623266027677,1.1874626793261955,-0.04426709861469166
wun0F0kui0Tang2,i,239.95308787922988,541.7451870542973,-1.2913402370994704,-1.6993348089524183
wun0F0kui0Tang2,a,930.3305198968204,1394.4036921274576,1.3615331361188834,-0.056252287416595284
wun0F0kui0Tang2,ā,909.9785082726397,1192.975044998536,1.2833276397841715,-0.4444075541089041
wun0F0kui0Tang2,i,323.95711495367385,2707.8440946122473,-0.9685428275467955,2.4747621287435586
wun0F0kui0Tang2,a,365.64256564180585,2018.5903408069955,-0.8083605604961913,1.1465623992596043
wun0F0kui0Tang2,o,732.4417426184539,1203.8115088329637,0.6011173928546399,-0.4235255665187195
wun0F0kui0Tang2,i,333.9115920301351,620.4323257050885,-0.9302913350214957,-1.547703808478568
wun0F0kui0Tang2,a,330.52886767058476,1072.7290302928943,-0.9432899339996842,-0.6761229757831735
wun0F0kui0Tang2,i,315.86897431820717,899.1451532487018,-0.9996226571234499,-1.0106210575999544
wun0F0kui0Tang2,a,709.197897780043,1306.0222836150149,0.5117996165147728,-0.2265642548590029
wun0F0kui0Tang2,a,314.1941033896401,1248.9732993858092,-1.0060585866366556,-0.33649828859075787
wun0F0kui0Tang2,a,760.5535726811031,1472.8550830730323,0.7091410940751358,0.09492442457994718
wun0F0kui0Tang2,ā,959.7017533918092,1470.8724747404053,1.4743962739675864,0.09110391604222817
wun0F0kui0Tang2,a,885.299871421322,1393.2016209464841,1.188496471275584,-0.058568692091324884
wun0F0kui0Tang2,ā,974.2201329668503,1241.314584573312,1.5301852102952767,-0.3512567181038277
wun0F0kui0Tang2,a,630.8322679209566,1231.3097377023303,0.21066854938081922,-0.37053617045965914
wun0F0kui0Tang2,a,515.346078094356,1451.2078276083623,-0.23310354361775792,0.05320992002554964
wun0F0kui0Tang2,u,916.1765900838074,1344.2820888371348,1.3071446497837926,-0.15283718022853718
wun0F0kui0Tang2,a,701.0185173924519,1155.7466004612345,0.48036918522699,-0.5161471851091924
wun0F0kui0Tang2,a,586.1225917038245,1178.920881177064,0.03886526604489806,-0.471490085734951
wun0F0kui0Tang2,a,254.08924547321485,1246.966622709787,-1.23702004304112,-0.34036517709668174
wun0F0kui0Tang2,a,662.5698656191959,1433.5162258591076,0.3326247778999313,0.019118004634781572
wun0F0kui0Tang2,a,634.1009439898944,1278.0711279708878,0.22322890159803968,-0.2804264459030622
wun0F0kui0Tang2,i,383.72145538036006,1062.5976705494395,-0.7388898579782983,-0.6956462198660246
wun0F0kui0Tang2,a,821.6056783287477,1470.0654375229512,0.9437424844743275,0.08954874625463081
wun0F0kui0Tang2,i,287.5147825999941,1345.3053366647534,-1.1085776674408487,-0.15086537016535664
wun0F0kui0Tang2,a,801.1433451527005,1258.035201612052,0.8651130619017845,-0.31903590116224256
wun0F0kui0Tang2,ā,768.013784027073,1042.8025665561086,0.7378080161390088,-0.733791607720492
wun0F0kui0Tang2,i,323.39161182417035,2560.0092603337425,-0.9707158536701253,2.189882741706524
wun0F0kui0Tang2,u,317.50637179346205,1169.6579563847697,-0.9933307246789259,-0.48933984590735885
wun0F0kui0Tang2,u,288.64455639899586,1029.6572336211582,-1.1042363510968707,-0.7591228120146811
wun0F0kui0Tang2,a,611.4716084596387,1414.5038145791202,0.13627246458590128,-0.01751912556509542
wun0F0kui0Tang2,i,301.9291831473635,972.5438327537142,-1.0531882853006078,-0.8691809773322419
wun0F0kui0Tang2,ā,1075.5563928455888,1401.2190080777852,1.9195841870089172,-0.04311909698912532
wun0F0kui0Tang2,ā,919.1306492127818,1396.6428361473656,1.318496041707579,-0.05193743172651253
wun0F0kui0Tang2,ā,913.700667320468,2061.9768192140896,1.2976305647798656,1.230168630731571
wun0F0kui0Tang2,a,864.9905371261646,1410.0105897698006,1.1104549686413545,-0.026177620267955042
wun0F0kui0Tang2,i,212.70500396217562,2186.1110162928853,-1.3960448710321316,1.4693766235346826
wun0F0kui0Tang2,a,310.1675614490567,713.12494603656,-1.021531146145305,-1.3690840874110708
wun0F0kui0Tang2,a,938.7900424096237,1522.013927869725,1.394040053326144,0.1896540709550894
wun0F0kui0Tang2,i,340.16021817156036,2565.223189448196,-0.9062801012513849,2.1999300417047225
wun0F0kui0Tang2,ā,871.2067170120857,1360.7313356092013,1.1343415230646392,-0.12113929684051765
wun0F0kui0Tang2,i,325.564081269419,2352.734008197388,-0.9623678311564292,1.7904610014601718
wun0F0kui0Tang2,a,553.2292462791336,1248.90955274344,-0.08753208732486394,-0.3366211290869946
wun0F0kui0Tang2,a,340.5460575899883,1406.380625236975,-0.9047974584649684,-0.033172602716607186
wun0F0kui0Tang2,ā,1003.6814795451951,1439.6144306482354,1.6433946204702852,0.030869313795653806
wun0F0kui0Tang2,a,953.9624991226052,1435.6382380744826,1.4523423739894172,0.023207146021190398
wun0F0kui0Tang2,ā,844.1412718439758,1139.0011507240135,1.0303387044746035,-0.5484158549398225
wun0F0kui0Tang2,i,313.3930142686247,2593.094438204504,-1.0091368854050637,2.2536382512779527
wun0F0kui0Tang2,a,277.65877558848456,1966.7860097839737,-1.1464507747506787,1.0467348711960922
wun0F0kui0Tang2,o,694.4249003681477,1183.2616760148521,0.4550322749721801,-0.46312532530025563
wun0F0kui0Tang2,i,346.16078527799925,2466.4146940161927,-0.883222069568107,2.009524960587697
wun0F0kui0Tang2,ā,953.8520703242505,1467.4013216001347,1.4519180356417172,0.08441496493176746
wun0F0kui0Tang2,a,795.2147738377483,1306.3485471159438,0.8423316842766511,-0.22593554142613165
wun0F0kui0Tang2,i,275.5804187598745,2042.075760393537,-1.1544371561631663,1.1918190667343165
wun0F0kui0Tang2,ā,894.2176213580698,1349.8517481926676,1.222764192465542,-0.1421043840580477
wun0F0kui0Tang2,a,618.6332173123106,1445.8162925855845,0.16379196414302796,0.04282037144605782
wun0F0kui0Tang2,ā,916.2051018228317,1390.5933409242414,1.3072542101920186,-0.06359487700629318
wun0F0kui0Tang2,a,825.8837011087397,1322.3662868919685,0.9601813948394816,-0.19506917686880276
wun0F0kui0Tang2,ā,532.5016699549966,1185.9621808922227,-0.16718074438040495,-0.45792142205302405
wun0F0kui0Tang2,o,365.8220852745503,782.8379785066397,-0.8076707308007363,-1.2347462903993363
wun0F0kui0Tang2,a,346.9994474680208,1893.7297609250888,-0.8799993909435595,0.9059546586317367
wun0F0kui0Tang2,i,254.37868753462797,717.6315504724269,-1.2359078207954302,-1.360399810017493
wun0F0kui0Tang2,a,872.0070305544084,1416.133914937011,1.1374168415617245,-0.014377903856212277
wun0F0kui0Tang2,ā,325.5046285844711,992.5484172193774,-0.9625962865455395,-0.8306319182534283
wun0F0kui0Tang2,i,265.5697896760432,833.7371419330487,-1.1929044207550143,-1.1366630304668592
wun0F0kui0Tang2,i,334.80680801981924,2705.9608312830837,-0.926851340386428,2.4711330591439626
wun0F0kui0Tang2,a,338.40202429225235,2285.1227431141506,-0.9130362110415625,1.6601733338227502
wun0F0kui0Tang2,i,339.1656203195893,2606.2391711473238,-0.9101019848127335,2.2789682993805633
wun0F0kui0Tang2,i,285.8377939597348,2123.174649694669,-1.1150217345621216,1.3480975378148639
wun0F0kui0Tang2,i,285.19770586842657,964.7683442907036,-1.117481363998419,-0.8841644309821648
wun0F0kui0Tang2,a,589.7592784139789,1194.4104425541307,0.05283975143893964,-0.4416415268881349
wun0F0kui0Tang2,a,741.6457207677018,1156.8464618769553,0.6364849866192075,-0.514027739800748
wun0F0kui0Tang2,a,496.95455462873485,1614.5420234242358,-0.3037755856517504,0.36795675092843766
wun0F0kui0Tang2,a,508.0419462076591,1195.4084159530785,-0.26117070818318305,-0.4397184209330396
wun0F0kui0Tang2,a,274.2221871453343,633.5973211740851,-1.159656354123254,-1.522334714260302
wun0F0kui0Tang2,ā,1034.9049246072282,1467.3488338868674,1.7633751444325794,0.08431382051843934
wun0F0kui0Tang2,a,782.0421396351304,1076.0889085309414,0.7917139657496352,-0.6696484526598159
